2026-09-17T08:36:00.9719793Z Current runner version: '2.337.0'
2026-09-17T08:36:00.9746855Z ##[group]Runner Image Provisioner
2026-09-17T08:36:00.9748202Z Hosted Compute Agent
2026-09-17T08:36:00.9748938Z Version: 20260828.587
2026-09-17T08:36:00.9749615Z Commit: abac92662cab4cc7352de4f9f9d2e2419aad9c29
2026-09-17T08:36:00.9750438Z Build Date: 2026-08-28T16:44:25Z
2026-09-17T08:36:00.9751152Z Worker ID: {000db3fd-f8f6-4f13-b227-ec4e14124f4e}
2026-09-17T08:36:00.9751877Z Azure Region: eastus
2026-09-17T08:36:00.9752603Z ##[endgroup]
2026-09-17T08:36:00.9754393Z ##[group]Operating System
2026-09-17T08:36:00.9755083Z Ubuntu
2026-09-17T08:36:00.9755763Z 24.04.5
2026-09-17T08:36:00.9756278Z LTS
2026-09-17T08:36:00.9757236Z ##[endgroup]
2026-09-17T08:36:00.9758064Z ##[group]Runner Image
2026-09-17T08:36:00.9758669Z Image: ubuntu-24.04
2026-09-17T08:36:00.9759333Z Version: 20260907.300.1
2026-09-17T08:36:00.9760594Z Included Software: https://github.com/actions/runner-images/blob/ubuntu24/20260907.300/images/ubuntu/Ubuntu2404-Readme.md
2026-09-17T08:36:00.9762339Z Image Release: https://github.com/actions/runner-images/releases/tag/ubuntu24%2F20260907.300
2026-09-17T08:36:00.9763296Z ##[endgroup]
2026-09-17T08:36:00.9764568Z ##[group]GITHUB_TOKEN Permissions
2026-09-17T08:36:00.9766842Z Contents: write
2026-09-17T08:36:00.9767778Z Metadata: read
2026-09-17T08:36:00.9768389Z ##[endgroup]
2026-09-17T08:36:00.9770625Z Secret source: Actions
2026-09-17T08:36:00.9771749Z Cache mode: write
2026-09-17T08:36:00.9772884Z Prepare workflow directory
2026-09-17T08:36:01.0109564Z Prepare all required actions
2026-09-17T08:36:01.0158970Z Getting action download info
2026-09-17T08:36:01.2588017Z Download action repository 'actions/checkout@v4' (SHA:11d5960a326750d5838078e36cf38b85af677262)
2026-09-17T08:36:01.3692657Z Download action repository 'subosito/flutter-action@v2' (SHA:1a449444c387b1966244ae4d4f8c696479add0b2)
2026-09-17T08:36:01.4792244Z Download action repository 'actions/cache@v4' (SHA:0057852bfaa89a56745cba8c7296529d2fc39830)
2026-09-17T08:36:01.6858127Z Getting action download info
2026-09-17T08:36:01.7596594Z Download action repository 'actions/cache@v5' (SHA:caa296126883cff596d87d8935842f9db880ef25)
2026-09-17T08:36:01.9421025Z Complete job name: Linux 桌面
2026-09-17T08:36:02.0339835Z Node 20 is being deprecated. This workflow is running with Node 24 by default. If you need to temporarily use Node 20, you can set the ACTIONS_ALLOW_USE_UNSECURE_NODE_VERSION=true environment variable. For more information see: https://github.blog/changelog/2025-09-19-deprecation-of-node-20-on-github-actions-runners/
2026-09-17T08:36:02.0350650Z ##[group]Run actions/checkout@v4
2026-09-17T08:36:02.0351899Z with:
2026-09-17T08:36:02.0352429Z   repository: free-zuike/taozhu
2026-09-17T08:36:02.0361539Z   token: ***
2026-09-17T08:36:02.0362059Z   ssh-strict: true
2026-09-17T08:36:02.0362571Z   ssh-user: git
2026-09-17T08:36:02.0363101Z   persist-credentials: true
2026-09-17T08:36:02.0363694Z   clean: true
2026-09-17T08:36:02.0364212Z   sparse-checkout-cone-mode: true
2026-09-17T08:36:02.0364909Z   fetch-depth: 1
2026-09-17T08:36:02.0365412Z   fetch-tags: false
2026-09-17T08:36:02.0365933Z   show-progress: true
2026-09-17T08:36:02.0366475Z   lfs: false
2026-09-17T08:36:02.0367005Z   submodules: false
2026-09-17T08:36:02.0367696Z   set-safe-directory: true
2026-09-17T08:36:02.0368361Z   allow-unsafe-pr-checkout: false
2026-09-17T08:36:02.0369424Z ##[endgroup]
2026-09-17T08:36:02.1444367Z Syncing repository: free-zuike/taozhu
2026-09-17T08:36:02.1447947Z ##[group]Getting Git version info
2026-09-17T08:36:02.1449462Z Working directory is '/home/runner/work/taozhu/taozhu'
2026-09-17T08:36:02.1451770Z [command]/usr/bin/git version
2026-09-17T08:36:02.1509175Z git version 2.55.0
2026-09-17T08:36:02.1532706Z ##[endgroup]
2026-09-17T08:36:02.1562472Z Temporarily overriding HOME='/home/runner/work/_temp/c0e769e6-21ad-43fb-a988-18156b31bde8' before making global git config changes
2026-09-17T08:36:02.1569456Z Adding repository directory to the temporary git global config as a safe directory
2026-09-17T08:36:02.1573554Z [command]/usr/bin/git config --global --add safe.directory /home/runner/work/taozhu/taozhu
2026-09-17T08:36:02.1615366Z Deleting the contents of '/home/runner/work/taozhu/taozhu'
2026-09-17T08:36:02.1622342Z ##[group]Initializing the repository
2026-09-17T08:36:02.1627860Z [command]/usr/bin/git init /home/runner/work/taozhu/taozhu
2026-09-17T08:36:02.1757795Z hint: Using 'master' as the name for the initial branch. This default branch name
2026-09-17T08:36:02.1760788Z hint: will change to "main" in Git 3.0. To configure the initial branch name
2026-09-17T08:36:02.1764143Z hint: to use in all of your new repositories, which will suppress this warning,
2026-09-17T08:36:02.1766104Z hint: call:
2026-09-17T08:36:02.1766956Z hint:
2026-09-17T08:36:02.1768385Z hint: 	git config --global init.defaultBranch <name>
2026-09-17T08:36:02.1769998Z hint:
2026-09-17T08:36:02.1771306Z hint: Names commonly chosen instead of 'master' are 'main', 'trunk' and
2026-09-17T08:36:02.1774103Z hint: 'development'. The just-created branch can be renamed via this command:
2026-09-17T08:36:02.1775508Z hint:
2026-09-17T08:36:02.1776015Z hint: 	git branch -m <name>
2026-09-17T08:36:02.1776611Z hint:
2026-09-17T08:36:02.1777824Z hint: Disable this message with "git config set advice.defaultBranchName false"
2026-09-17T08:36:02.1779432Z Initialized empty Git repository in /home/runner/work/taozhu/taozhu/.git/
2026-09-17T08:36:02.1781964Z [command]/usr/bin/git remote add origin https://github.com/free-zuike/taozhu
2026-09-17T08:36:02.1837329Z ##[endgroup]
2026-09-17T08:36:02.1839286Z ##[group]Disabling automatic garbage collection
2026-09-17T08:36:02.1842830Z [command]/usr/bin/git config --local gc.auto 0
2026-09-17T08:36:02.1884183Z ##[endgroup]
2026-09-17T08:36:02.1885858Z ##[group]Setting up auth
2026-09-17T08:36:02.1893031Z [command]/usr/bin/git config --local --name-only --get-regexp core\.sshCommand
2026-09-17T08:36:02.2012204Z [command]/usr/bin/git submodule foreach --recursive sh -c "git config --local --name-only --get-regexp 'core\.sshCommand' && git config --local --unset-all 'core.sshCommand' || :"
2026-09-17T08:36:02.2398897Z [command]/usr/bin/git config --local --name-only --get-regexp http\.https\:\/\/github\.com\/\.extraheader
2026-09-17T08:36:02.2440797Z [command]/usr/bin/git submodule foreach --recursive sh -c "git config --local --name-only --get-regexp 'http\.https\:\/\/github\.com\/\.extraheader' && git config --local --unset-all 'http.https://github.com/.extraheader' || :"
2026-09-17T08:36:02.2674100Z [command]/usr/bin/git config --local --name-only --get-regexp ^includeIf\.gitdir:
2026-09-17T08:36:02.2714500Z [command]/usr/bin/git submodule foreach --recursive git config --local --show-origin --name-only --get-regexp remote.origin.url
2026-09-17T08:36:02.2948262Z [command]/usr/bin/git config --local http.https://github.com/.extraheader AUTHORIZATION: basic ***
2026-09-17T08:36:02.2989590Z ##[endgroup]
2026-09-17T08:36:02.2990593Z ##[group]Fetching the repository
2026-09-17T08:36:02.2999599Z [command]/usr/bin/git -c protocol.version=2 fetch --no-tags --prune --no-recurse-submodules --depth=1 origin +53dcf85fdb54d7bf2cf5f9ba0d7dbe75c31234de:refs/remotes/origin/main
2026-09-17T08:36:02.6807272Z From https://github.com/free-zuike/taozhu
2026-09-17T08:36:02.6810615Z  * [new ref]         53dcf85fdb54d7bf2cf5f9ba0d7dbe75c31234de -> origin/main
2026-09-17T08:36:02.6815860Z ##[endgroup]
2026-09-17T08:36:02.6818333Z ##[group]Determining the checkout info
2026-09-17T08:36:02.6820770Z ##[endgroup]
2026-09-17T08:36:02.6822713Z [command]/usr/bin/git sparse-checkout disable
2026-09-17T08:36:02.6875717Z [command]/usr/bin/git config --local --unset-all extensions.worktreeConfig
2026-09-17T08:36:02.6908817Z ##[group]Checking out the ref
2026-09-17T08:36:02.6912677Z [command]/usr/bin/git checkout --progress --force -B main refs/remotes/origin/main
2026-09-17T08:36:02.7152956Z Switched to a new branch 'main'
2026-09-17T08:36:02.7157862Z branch 'main' set up to track 'origin/main'.
2026-09-17T08:36:02.7165839Z ##[endgroup]
2026-09-17T08:36:02.7212858Z [command]/usr/bin/git log -1 --format=%H
2026-09-17T08:36:02.7240874Z 53dcf85fdb54d7bf2cf5f9ba0d7dbe75c31234de
2026-09-17T08:36:02.7493885Z ##[group]Run VERSION=$(sed -n "s/.*APP_VERSION = '\([^']*\)'.*/\1/p" frontend-flutter/lib/version.dart | head -1)
2026-09-17T08:36:02.7495666Z [36;1mVERSION=$(sed -n "s/.*APP_VERSION = '\([^']*\)'.*/\1/p" frontend-flutter/lib/version.dart | head -1)[0m
2026-09-17T08:36:02.7497173Z [36;1mif [ -z "$VERSION" ]; then echo "::error::无法从 version.dart 提取版本号"; exit 1; fi[0m
2026-09-17T08:36:02.7498608Z [36;1mgit fetch --tags --quiet || true[0m
2026-09-17T08:36:02.7499849Z [36;1mif git rev-parse -q --verify "refs/tags/taozhu-v${VERSION}" >/dev/null 2>&1; then[0m
2026-09-17T08:36:02.7501183Z [36;1m  TAG_COMMIT=$(git rev-list -n 1 "taozhu-v${VERSION}")[0m
2026-09-17T08:36:02.7502341Z [36;1m  if [ "$TAG_COMMIT" != "$GITHUB_SHA" ]; then[0m
2026-09-17T08:36:02.7503814Z [36;1m    echo "::error::版本号未 bump：taozhu-v${VERSION} 已存在（指向 ${TAG_COMMIT}），当前提交 ${GITHUB_SHA}。发版前请先递增版本号，否则产物会覆盖旧 release。"[0m
2026-09-17T08:36:02.7505212Z [36;1m    exit 1[0m
2026-09-17T08:36:02.7506180Z [36;1m  fi[0m
2026-09-17T08:36:02.7507061Z [36;1mfi[0m
2026-09-17T08:36:02.7508133Z [36;1mecho "版本守卫通过：v${VERSION}"[0m
2026-09-17T08:36:02.7552185Z shell: /usr/bin/bash -e {0}
2026-09-17T08:36:02.7553185Z ##[endgroup]
2026-09-17T08:36:03.5216887Z 版本守卫通过：v0.17.122
2026-09-17T08:36:03.5512125Z ##[warning]Unexpected input(s) 'version', valid inputs are ['channel', 'flutter-version', 'flutter-version-file', 'architecture', 'cache', 'cache-key', 'cache-path', 'pub-cache', 'pub-cache-key', 'pub-cache-path', 'dry-run', 'git-source']
2026-09-17T08:36:03.5535865Z ##[group]Run subosito/flutter-action@v2
2026-09-17T08:36:03.5536811Z with:
2026-09-17T08:36:03.5537837Z   version: 3.47.2
2026-09-17T08:36:03.5538645Z   cache: true
2026-09-17T08:36:03.5539672Z   channel: stable
2026-09-17T08:36:03.5540639Z   architecture: X64
2026-09-17T08:36:03.5541459Z   pub-cache-path: default
2026-09-17T08:36:03.5542349Z   dry-run: false
2026-09-17T08:36:03.5543270Z   git-source: https://github.com/flutter/flutter.git
2026-09-17T08:36:03.5544220Z ##[endgroup]
2026-09-17T08:36:03.5617850Z ##[start-action display=Make yq tool available on Windows runners;id=__subosito_flutter-action.__run]
2026-09-17T08:36:03.5650543Z ##[end-action id=__subosito_flutter-action.__run;outcome=skipped;conclusion=skipped;duration_ms=0]
2026-09-17T08:36:03.5655843Z ##[start-action display=Make setup script executable;id=__subosito_flutter-action.__run_2]
2026-09-17T08:36:03.5699981Z ##[group]Run chmod +x "$GITHUB_ACTION_PATH/setup.sh"
2026-09-17T08:36:03.5701019Z [36;1mchmod +x "$GITHUB_ACTION_PATH/setup.sh"[0m
2026-09-17T08:36:03.5743439Z shell: /usr/bin/bash --noprofile --norc -e -o pipefail {0}
2026-09-17T08:36:03.5744419Z ##[endgroup]
2026-09-17T08:36:03.5842024Z ##[end-action id=__subosito_flutter-action.__run_2;outcome=success;conclusion=success;duration_ms=18]
2026-09-17T08:36:03.5848063Z ##[start-action display=Set action inputs;id=__subosito_flutter-action.flutter-action]
2026-09-17T08:36:03.5905985Z ##[group]Run $GITHUB_ACTION_PATH/setup.sh -p \
2026-09-17T08:36:03.5907057Z [36;1m$GITHUB_ACTION_PATH/setup.sh -p \[0m
2026-09-17T08:36:03.5908243Z [36;1m  -n '' \[0m
2026-09-17T08:36:03.5909050Z [36;1m  -f '' \[0m
2026-09-17T08:36:03.5909848Z [36;1m  -a 'X64' \[0m
2026-09-17T08:36:03.5910656Z [36;1m  -k '' \[0m
2026-09-17T08:36:03.5911442Z [36;1m  -c '' \[0m
2026-09-17T08:36:03.5912225Z [36;1m  -l '' \[0m
2026-09-17T08:36:03.5913023Z [36;1m  -d 'default' \[0m
2026-09-17T08:36:03.5913969Z [36;1m  -g 'https://github.com/flutter/flutter.git' \[0m
2026-09-17T08:36:03.5914897Z [36;1m  stable[0m
2026-09-17T08:36:03.5956145Z shell: /usr/bin/bash --noprofile --norc -e -o pipefail {0}
2026-09-17T08:36:03.5957139Z ##[endgroup]
2026-09-17T08:36:03.7726182Z ##[end-action id=__subosito_flutter-action.flutter-action;outcome=success;conclusion=success;duration_ms=187]
2026-09-17T08:36:03.7732585Z ##[start-action display=Cache Flutter;id=__subosito_flutter-action.cache-flutter]
2026-09-17T08:36:03.7833327Z ##[group]Run actions/cache@v5
2026-09-17T08:36:03.7834204Z with:
2026-09-17T08:36:03.7835054Z   path: /opt/hostedtoolcache/flutter/stable-3.47.4-x64
2026-09-17T08:36:03.7836209Z   key: flutter-linux-stable-3.47.4-x64-9584c6713b324636289d067944a46fd6b49df14b
2026-09-17T08:36:03.7837296Z   enableCrossOsArchive: false
2026-09-17T08:36:03.7838581Z   fail-on-cache-miss: false
2026-09-17T08:36:03.7839398Z   lookup-only: false
2026-09-17T08:36:03.7840185Z   save-always: false
2026-09-17T08:36:03.7840964Z ##[endgroup]
2026-09-17T08:36:03.9962659Z Cache hit for: flutter-linux-stable-3.47.4-x64-9584c6713b324636289d067944a46fd6b49df14b
2026-09-17T08:36:05.0767666Z Received 226492416 of 1720275084 (13.2%), 213.2 MBs/sec
2026-09-17T08:36:06.0769216Z Received 520093696 of 1720275084 (30.2%), 246.4 MBs/sec
2026-09-17T08:36:07.0929248Z Received 792723456 of 1720275084 (46.1%), 250.4 MBs/sec
2026-09-17T08:36:08.0838131Z Received 1065353216 of 1720275084 (61.9%), 252.7 MBs/sec
2026-09-17T08:36:09.0936014Z Received 1304428544 of 1720275084 (75.8%), 247.5 MBs/sec
2026-09-17T08:36:10.0977076Z Received 1585446912 of 1720275084 (92.2%), 250.6 MBs/sec
2026-09-17T08:36:10.6661018Z Received 1720275084 of 1720275084 (100.0%), 248.5 MBs/sec
2026-09-17T08:36:10.6662719Z Cache Size: ~1641 MB (1720275084 B)
2026-09-17T08:36:10.6710337Z [command]/usr/bin/tar -xf /home/runner/work/_temp/1d9e2c31-a85b-4665-a7af-fcdf667e3577/cache.tzst -P -C /home/runner/work/taozhu/taozhu --use-compress-program unzstd
2026-09-17T08:36:15.5718142Z Cache restored successfully
2026-09-17T08:36:16.2139028Z Cache restored from key: flutter-linux-stable-3.47.4-x64-9584c6713b324636289d067944a46fd6b49df14b
2026-09-17T08:36:16.2290742Z ##[end-action id=__subosito_flutter-action.cache-flutter;outcome=success;conclusion=success;duration_ms=12455]
2026-09-17T08:36:16.2293913Z ##[start-action display=Cache pub dependencies;id=__subosito_flutter-action.cache-pub]
2026-09-17T08:36:16.3299215Z ##[group]Run actions/cache@v5
2026-09-17T08:36:16.3299487Z with:
2026-09-17T08:36:16.3299707Z   path: /home/runner/.pub-cache
2026-09-17T08:36:16.3300140Z   key: flutter-pub-linux-stable-3.47.4-x64-9584c6713b324636289d067944a46fd6b49df14b-
2026-09-17T08:36:16.3300632Z   enableCrossOsArchive: false
2026-09-17T08:36:16.3300932Z   fail-on-cache-miss: false
2026-09-17T08:36:16.3301191Z   lookup-only: false
2026-09-17T08:36:16.3301417Z   save-always: false
2026-09-17T08:36:16.3301626Z ##[endgroup]
2026-09-17T08:36:16.5389614Z Cache hit for: flutter-pub-linux-stable-3.47.4-x64-9584c6713b324636289d067944a46fd6b49df14b-
2026-09-17T08:36:16.8914119Z Received 46206136 of 46206136 (100.0%), 148.4 MBs/sec
2026-09-17T08:36:16.8915095Z Cache Size: ~44 MB (46206136 B)
2026-09-17T08:36:16.8946017Z [command]/usr/bin/tar -xf /home/runner/work/_temp/ecf639e4-01d3-4160-8b9f-19ded6be0745/cache.tzst -P -C /home/runner/work/taozhu/taozhu --use-compress-program unzstd
2026-09-17T08:36:17.9529462Z Cache restored successfully
2026-09-17T08:36:17.9631353Z Cache restored from key: flutter-pub-linux-stable-3.47.4-x64-9584c6713b324636289d067944a46fd6b49df14b-
2026-09-17T08:36:17.9734514Z ##[end-action id=__subosito_flutter-action.cache-pub;outcome=success;conclusion=success;duration_ms=1743]
2026-09-17T08:36:17.9737047Z ##[start-action display=Run setup script;id=__subosito_flutter-action.__run_3]
2026-09-17T08:36:17.9771414Z ##[group]Run $GITHUB_ACTION_PATH/setup.sh \
2026-09-17T08:36:17.9771780Z [36;1m$GITHUB_ACTION_PATH/setup.sh \[0m
2026-09-17T08:36:17.9772073Z [36;1m  -n '3.47.4' \[0m
2026-09-17T08:36:17.9772311Z [36;1m  -a 'x64' \[0m
2026-09-17T08:36:17.9772622Z [36;1m  -c '/opt/hostedtoolcache/flutter/stable-3.47.4-x64' \[0m
2026-09-17T08:36:17.9772997Z [36;1m  -d '/home/runner/.pub-cache' \[0m
2026-09-17T08:36:17.9773278Z [36;1m  stable[0m
2026-09-17T08:36:17.9809472Z shell: /usr/bin/bash --noprofile --norc -e -o pipefail {0}
2026-09-17T08:36:17.9809835Z ##[endgroup]
2026-09-17T08:36:18.1266631Z ##[end-action id=__subosito_flutter-action.__run_3;outcome=success;conclusion=success;duration_ms=152]
2026-09-17T08:36:18.1923491Z Node 20 is being deprecated. This workflow is running with Node 24 by default. If you need to temporarily use Node 20, you can set the ACTIONS_ALLOW_USE_UNSECURE_NODE_VERSION=true environment variable. For more information see: https://github.blog/changelog/2025-09-19-deprecation-of-node-20-on-github-actions-runners/
2026-09-17T08:36:18.1924851Z ##[group]Run actions/cache@v4
2026-09-17T08:36:18.1925102Z with:
2026-09-17T08:36:18.1925316Z   path: ~/.pub-cache
2026-09-17T08:36:18.1925707Z   key: Linux-pub-b13d35816bbede093299c16ef71c4bca9d5471b3f2f8ad2a3fb087fd5efe5e02
2026-09-17T08:36:18.1926162Z   restore-keys: Linux-pub-

2026-09-17T08:36:18.1926437Z   enableCrossOsArchive: false
2026-09-17T08:36:18.1926701Z   fail-on-cache-miss: false
2026-09-17T08:36:18.1926943Z   lookup-only: false
2026-09-17T08:36:18.1927169Z   save-always: false
2026-09-17T08:36:18.1927658Z env:
2026-09-17T08:36:18.1927996Z   FLUTTER_ROOT: /opt/hostedtoolcache/flutter/stable-3.47.4-x64/flutter
2026-09-17T08:36:18.1928480Z   PUB_CACHE: /home/runner/.pub-cache
2026-09-17T08:36:18.1928753Z ##[endgroup]
2026-09-17T08:36:18.3026024Z (node:2461) [DEP0040] DeprecationWarning: The `punycode` module is deprecated. Please use a userland alternative instead.
2026-09-17T08:36:18.3027042Z (Use `node --trace-deprecation ...` to show where the warning was created)
2026-09-17T08:36:18.3731875Z Cache hit for: Linux-pub-b13d35816bbede093299c16ef71c4bca9d5471b3f2f8ad2a3fb087fd5efe5e02
2026-09-17T08:36:18.3850406Z (node:2461) [DEP0169] DeprecationWarning: `url.parse()` behavior is not standardized and prone to errors that have security implications. Use the WHATWG URL API instead. CVEs are not issued for `url.parse()` vulnerabilities.
2026-09-17T08:36:18.7963786Z Received 46732279 of 46732279 (100.0%), 121.1 MBs/sec
2026-09-17T08:36:18.7964320Z Cache Size: ~45 MB (46732279 B)
2026-09-17T08:36:18.7997747Z [command]/usr/bin/tar -xf /home/runner/work/_temp/87537c7d-b504-4cc2-8fa5-944dd99fc570/cache.tzst -P -C /home/runner/work/taozhu/taozhu --use-compress-program unzstd
2026-09-17T08:36:20.0941260Z Cache restored successfully
2026-09-17T08:36:20.1042076Z Cache restored from key: Linux-pub-b13d35816bbede093299c16ef71c4bca9d5471b3f2f8ad2a3fb087fd5efe5e02
2026-09-17T08:36:20.1177992Z ##[group]Run sudo apt-get update
2026-09-17T08:36:20.1178387Z [36;1msudo apt-get update[0m
2026-09-17T08:36:20.1178934Z [36;1msudo apt-get install -y clang cmake ninja-build pkg-config libgtk-3-dev liblzma-dev libstdc++-12-dev[0m
2026-09-17T08:36:20.1217800Z shell: /usr/bin/bash -e {0}
2026-09-17T08:36:20.1218079Z env:
2026-09-17T08:36:20.1218407Z   FLUTTER_ROOT: /opt/hostedtoolcache/flutter/stable-3.47.4-x64/flutter
2026-09-17T08:36:20.1218827Z   PUB_CACHE: /home/runner/.pub-cache
2026-09-17T08:36:20.1219114Z ##[endgroup]
2026-09-17T08:36:20.2180301Z Get:1 file:/etc/apt/apt-mirrors.txt Mirrorlist [144 B]
2026-09-17T08:36:20.2598831Z Hit:2 http://azure.archive.ubuntu.com/ubuntu noble InRelease
2026-09-17T08:36:20.2600421Z Get:6 https://dl.google.com/linux/chrome-stable/deb stable InRelease [2548 B]
2026-09-17T08:36:20.2650538Z Get:3 http://azure.archive.ubuntu.com/ubuntu noble-updates InRelease [126 kB]
2026-09-17T08:36:20.2658521Z Get:4 http://azure.archive.ubuntu.com/ubuntu noble-backports InRelease [126 kB]
2026-09-17T08:36:20.2674883Z Get:5 http://azure.archive.ubuntu.com/ubuntu noble-security InRelease [126 kB]
2026-09-17T08:36:20.3045369Z Get:7 https://packages.microsoft.com/ubuntu/24.04/prod noble InRelease [3600 B]
2026-09-17T08:36:20.4129390Z Get:8 https://dl.google.com/linux/chrome-stable/deb stable/main amd64 Packages [1407 B]
2026-09-17T08:36:20.4529653Z Get:9 http://azure.archive.ubuntu.com/ubuntu noble-updates/main amd64 Packages [1264 kB]
2026-09-17T08:36:20.4585665Z Get:10 http://azure.archive.ubuntu.com/ubuntu noble-updates/main Translation-en [292 kB]
2026-09-17T08:36:20.4605664Z Get:11 http://azure.archive.ubuntu.com/ubuntu noble-updates/main amd64 Components [181 kB]
2026-09-17T08:36:20.4624175Z Get:12 http://azure.archive.ubuntu.com/ubuntu noble-updates/universe amd64 Packages [1688 kB]
2026-09-17T08:36:20.4721198Z Get:13 http://azure.archive.ubuntu.com/ubuntu noble-updates/universe Translation-en [338 kB]
2026-09-17T08:36:20.4749099Z Get:14 http://azure.archive.ubuntu.com/ubuntu noble-updates/universe amd64 Components [388 kB]
2026-09-17T08:36:20.4769636Z Get:15 http://azure.archive.ubuntu.com/ubuntu noble-updates/restricted amd64 Packages [1550 kB]
2026-09-17T08:36:20.4858608Z Get:16 http://azure.archive.ubuntu.com/ubuntu noble-updates/restricted Translation-en [355 kB]
2026-09-17T08:36:20.4883951Z Get:17 http://azure.archive.ubuntu.com/ubuntu noble-updates/multiverse amd64 Packages [45.7 kB]
2026-09-17T08:36:20.4897755Z Get:18 http://azure.archive.ubuntu.com/ubuntu noble-updates/multiverse Translation-en [13.1 kB]
2026-09-17T08:36:20.5316735Z Get:19 http://azure.archive.ubuntu.com/ubuntu noble-updates/multiverse amd64 Components [940 B]
2026-09-17T08:36:20.5325688Z Get:20 http://azure.archive.ubuntu.com/ubuntu noble-backports/main amd64 Components [5776 B]
2026-09-17T08:36:20.5338593Z Get:21 http://azure.archive.ubuntu.com/ubuntu noble-backports/universe amd64 Components [12.6 kB]
2026-09-17T08:36:20.5685908Z Get:22 http://azure.archive.ubuntu.com/ubuntu noble-security/main amd64 Packages [1009 kB]
2026-09-17T08:36:20.5752351Z Get:23 http://azure.archive.ubuntu.com/ubuntu noble-security/main Translation-en [213 kB]
2026-09-17T08:36:20.5763930Z Get:24 http://azure.archive.ubuntu.com/ubuntu noble-security/main amd64 Components [46.4 kB]
2026-09-17T08:36:20.5775684Z Get:25 http://azure.archive.ubuntu.com/ubuntu noble-security/universe amd64 Packages [1207 kB]
2026-09-17T08:36:20.5845744Z Get:26 http://azure.archive.ubuntu.com/ubuntu noble-security/universe Translation-en [242 kB]
2026-09-17T08:36:20.5868798Z Get:27 http://azure.archive.ubuntu.com/ubuntu noble-security/universe amd64 Components [76.3 kB]
2026-09-17T08:36:20.5899399Z Get:28 http://azure.archive.ubuntu.com/ubuntu noble-security/restricted amd64 Packages [1449 kB]
2026-09-17T08:36:20.5948967Z Get:29 http://azure.archive.ubuntu.com/ubuntu noble-security/restricted Translation-en [336 kB]
2026-09-17T08:36:20.6235922Z Get:30 https://packages.microsoft.com/ubuntu/24.04/prod noble/main arm64 Packages [425 kB]
2026-09-17T08:36:20.6289163Z Get:31 https://packages.microsoft.com/ubuntu/24.04/prod noble/main amd64 Packages [474 kB]
2026-09-17T08:36:26.7815795Z Fetched 12.0 MB in 1s (8672 kB/s)
2026-09-17T08:36:27.6967894Z Reading package lists...
2026-09-17T08:36:27.7291087Z Reading package lists...
2026-09-17T08:36:27.9648113Z Building dependency tree...
2026-09-17T08:36:27.9656178Z Reading state information...
2026-09-17T08:36:28.2224776Z pkg-config is already the newest version (1.8.1-2build1).
2026-09-17T08:36:28.2225671Z libstdc++-12-dev is already the newest version (12.4.0-2ubuntu1~24.04.1).
2026-09-17T08:36:28.2226403Z libstdc++-12-dev set to manually installed.
2026-09-17T08:36:28.2227051Z The following additional packages will be installed:
2026-09-17T08:36:28.2228091Z   bzip2-doc cmake-data gir1.2-atk-1.0 gir1.2-atspi-2.0 gir1.2-freedesktop
2026-09-17T08:36:28.2228951Z   gir1.2-freedesktop-dev gir1.2-gdkpixbuf-2.0 gir1.2-glib-2.0-dev
2026-09-17T08:36:28.2229847Z   gir1.2-gtk-3.0 gir1.2-harfbuzz-0.0 gir1.2-pango-1.0 libatk-bridge2.0-dev
2026-09-17T08:36:28.2230785Z   libatk1.0-dev libatspi2.0-dev libblkid-dev libbrotli-dev libbz2-dev
2026-09-17T08:36:28.2231751Z   libcairo-script-interpreter2 libcairo2-dev libdatrie-dev libdbus-1-dev
2026-09-17T08:36:28.2232685Z   libdeflate-dev libegl-dev libegl-mesa0 libegl1 libegl1-mesa-dev libepoxy-dev
2026-09-17T08:36:28.2233689Z   libfontconfig-dev libfreetype-dev libfribidi-dev libgdk-pixbuf-2.0-dev
2026-09-17T08:36:28.2234623Z   libgdk-pixbuf2.0-bin libgirepository-2.0-0 libgl-dev libgles-dev libgles1
2026-09-17T08:36:28.2235507Z   libgles2 libglib2.0-dev libglib2.0-dev-bin libglvnd-core-dev libglvnd-dev
2026-09-17T08:36:28.2236340Z   libglx-dev libgraphite2-dev libharfbuzz-cairo0 libharfbuzz-dev
2026-09-17T08:36:28.2237792Z   libharfbuzz-gobject0 libharfbuzz-icu0 libharfbuzz-subset0 libice-dev
2026-09-17T08:36:28.2238643Z   libjbig-dev libjpeg-dev libjpeg-turbo8-dev libjpeg8-dev libjsoncpp25
2026-09-17T08:36:28.2239481Z   liblerc-dev libmount-dev libopengl-dev libopengl0 libpango1.0-dev
2026-09-17T08:36:28.2240196Z   libpangoxft-1.0-0 libpixman-1-dev libpng-dev libpng-tools
2026-09-17T08:36:28.2240991Z   libpthread-stubs0-dev librhash0 libselinux1-dev libsepol-dev libsharpyuv-dev
2026-09-17T08:36:28.2241887Z   libsm-dev libthai-dev libtiff-dev libtiffxx6 libwayland-bin libwayland-dev
2026-09-17T08:36:28.2242706Z   libwayland-server0 libwebp-dev libwebpdecoder3 libx11-dev libxau-dev
2026-09-17T08:36:28.2243502Z   libxcb-render0-dev libxcb-shm0-dev libxcb1-dev libxcomposite-dev
2026-09-17T08:36:28.2244294Z   libxcursor-dev libxdamage-dev libxdmcp-dev libxext-dev libxfixes-dev
2026-09-17T08:36:28.2245087Z   libxft-dev libxi-dev libxinerama-dev libxkbcommon-dev libxrandr-dev
2026-09-17T08:36:28.2245904Z   libxrender-dev libxtst-dev pango1.0-tools uuid-dev wayland-protocols
2026-09-17T08:36:28.2246652Z   x11proto-dev xorg-sgml-doctools xtrans-dev
2026-09-17T08:36:28.2253285Z Suggested packages:
2026-09-17T08:36:28.2253814Z   cmake-doc cmake-format elpa-cmake-mode libcairo2-doc libdatrie-doc
2026-09-17T08:36:28.2254364Z   freetype2-doc libglib2.0-doc libxml2-utils libgraphite2-utils libgtk-3-doc
2026-09-17T08:36:28.2254928Z   libice-doc liblzma-doc libpango1.0-doc libsm-doc libthai-doc libwayland-doc
2026-09-17T08:36:28.2255392Z   libx11-doc libxcb-doc libxext-doc graphicsmagick
2026-09-17T08:36:28.2830288Z The following NEW packages will be installed:
2026-09-17T08:36:28.2831203Z   bzip2-doc clang cmake cmake-data gir1.2-atk-1.0 gir1.2-atspi-2.0
2026-09-17T08:36:28.2832115Z   gir1.2-freedesktop gir1.2-freedesktop-dev gir1.2-gdkpixbuf-2.0
2026-09-17T08:36:28.2833029Z   gir1.2-glib-2.0-dev gir1.2-gtk-3.0 gir1.2-harfbuzz-0.0 gir1.2-pango-1.0
2026-09-17T08:36:28.2833984Z   libatk-bridge2.0-dev libatk1.0-dev libatspi2.0-dev libblkid-dev
2026-09-17T08:36:28.2834959Z   libbrotli-dev libbz2-dev libcairo-script-interpreter2 libcairo2-dev
2026-09-17T08:36:28.2835941Z   libdatrie-dev libdbus-1-dev libdeflate-dev libegl-dev libegl-mesa0 libegl1
2026-09-17T08:36:28.2837790Z   libegl1-mesa-dev libepoxy-dev libfontconfig-dev libfreetype-dev
2026-09-17T08:36:28.2838750Z   libfribidi-dev libgdk-pixbuf-2.0-dev libgdk-pixbuf2.0-bin
2026-09-17T08:36:28.2839717Z   libgirepository-2.0-0 libgl-dev libgles-dev libgles1 libgles2 libglib2.0-dev
2026-09-17T08:36:28.2840705Z   libglib2.0-dev-bin libglvnd-core-dev libglvnd-dev libglx-dev
2026-09-17T08:36:28.2841623Z   libgraphite2-dev libgtk-3-dev libharfbuzz-cairo0 libharfbuzz-dev
2026-09-17T08:36:28.2842633Z   libharfbuzz-gobject0 libharfbuzz-icu0 libharfbuzz-subset0 libice-dev
2026-09-17T08:36:28.2843646Z   libjbig-dev libjpeg-dev libjpeg-turbo8-dev libjpeg8-dev libjsoncpp25
2026-09-17T08:36:28.2844611Z   liblerc-dev liblzma-dev libmount-dev libopengl-dev libopengl0
2026-09-17T08:36:28.2845605Z   libpango1.0-dev libpangoxft-1.0-0 libpixman-1-dev libpng-dev libpng-tools
2026-09-17T08:36:28.2846728Z   libpthread-stubs0-dev librhash0 libselinux1-dev libsepol-dev libsharpyuv-dev
2026-09-17T08:36:28.2847910Z   libsm-dev libthai-dev libtiff-dev libtiffxx6 libwayland-bin libwayland-dev
2026-09-17T08:36:28.2848738Z   libwayland-server0 libwebp-dev libwebpdecoder3 libx11-dev libxau-dev
2026-09-17T08:36:28.2849530Z   libxcb-render0-dev libxcb-shm0-dev libxcb1-dev libxcomposite-dev
2026-09-17T08:36:28.2850310Z   libxcursor-dev libxdamage-dev libxdmcp-dev libxext-dev libxfixes-dev
2026-09-17T08:36:28.2851111Z   libxft-dev libxi-dev libxinerama-dev libxkbcommon-dev libxrandr-dev
2026-09-17T08:36:28.2851900Z   libxrender-dev libxtst-dev ninja-build pango1.0-tools uuid-dev
2026-09-17T08:36:28.2852638Z   wayland-protocols x11proto-dev xorg-sgml-doctools xtrans-dev
2026-09-17T08:36:28.3146710Z 0 upgraded, 106 newly installed, 0 to remove and 72 not upgraded.
2026-09-17T08:36:28.3147712Z Need to get 27.3 MB of archives.
2026-09-17T08:36:28.3148887Z After this operation, 131 MB of additional disk space will be used.
2026-09-17T08:36:28.3149621Z Get:1 file:/etc/apt/apt-mirrors.txt Mirrorlist [144 B]
2026-09-17T08:36:28.3405096Z Get:2 http://azure.archive.ubuntu.com/ubuntu noble-updates/main amd64 bzip2-doc all 1.0.8-5.1ubuntu0.1 [499 kB]
2026-09-17T08:36:28.3509001Z Get:3 http://azure.archive.ubuntu.com/ubuntu noble/universe amd64 clang amd64 1:18.0-59~exp2 [5846 B]
2026-09-17T08:36:28.3612558Z Get:4 http://azure.archive.ubuntu.com/ubuntu noble/main amd64 libjsoncpp25 amd64 1.9.5-6build1 [82.8 kB]
2026-09-17T08:36:28.3688982Z Get:5 http://azure.archive.ubuntu.com/ubuntu noble/main amd64 librhash0 amd64 1.4.3-3build1 [129 kB]
2026-09-17T08:36:28.3763769Z Get:6 http://azure.archive.ubuntu.com/ubuntu noble/main amd64 cmake-data all 3.28.3-1build7 [2155 kB]
2026-09-17T08:36:28.4002555Z Get:7 http://azure.archive.ubuntu.com/ubuntu noble/main amd64 cmake amd64 3.28.3-1build7 [11.2 MB]
2026-09-17T08:36:28.5031019Z Get:8 http://azure.archive.ubuntu.com/ubuntu noble/main amd64 gir1.2-atk-1.0 amd64 2.52.0-1build1 [23.1 kB]
2026-09-17T08:36:28.5100544Z Get:9 http://azure.archive.ubuntu.com/ubuntu noble/main amd64 gir1.2-freedesktop amd64 1.80.1-1 [49.7 kB]
2026-09-17T08:36:28.5169818Z Get:10 http://azure.archive.ubuntu.com/ubuntu noble/main amd64 gir1.2-atspi-2.0 amd64 2.52.0-1build1 [19.8 kB]
2026-09-17T08:36:28.5239687Z Get:11 http://azure.archive.ubuntu.com/ubuntu noble-updates/main amd64 gir1.2-glib-2.0-dev amd64 2.80.0-6ubuntu3.8 [848 kB]
2026-09-17T08:36:28.5366260Z Get:12 http://azure.archive.ubuntu.com/ubuntu noble/main amd64 gir1.2-freedesktop-dev amd64 1.80.1-1 [28.8 kB]
2026-09-17T08:36:28.5433916Z Get:13 http://azure.archive.ubuntu.com/ubuntu noble-updates/main amd64 gir1.2-gdkpixbuf-2.0 amd64 2.42.10+dfsg-3ubuntu3.3 [9482 B]
2026-09-17T08:36:28.5502678Z Get:14 http://azure.archive.ubuntu.com/ubuntu noble/main amd64 libharfbuzz-gobject0 amd64 8.3.0-2build2 [34.3 kB]
2026-09-17T08:36:28.5573753Z Get:15 http://azure.archive.ubuntu.com/ubuntu noble/main amd64 gir1.2-harfbuzz-0.0 amd64 8.3.0-2build2 [44.5 kB]
2026-09-17T08:36:28.5642677Z Get:16 http://azure.archive.ubuntu.com/ubuntu noble/main amd64 libpangoxft-1.0-0 amd64 1.52.1+ds-1build1 [20.3 kB]
2026-09-17T08:36:28.5711387Z Get:17 http://azure.archive.ubuntu.com/ubuntu noble/main amd64 gir1.2-pango-1.0 amd64 1.52.1+ds-1build1 [34.8 kB]
2026-09-17T08:36:28.5781624Z Get:18 http://azure.archive.ubuntu.com/ubuntu noble-updates/main amd64 gir1.2-gtk-3.0 amd64 3.24.41-4ubuntu1.3 [245 kB]
2026-09-17T08:36:28.5866798Z Get:19 http://azure.archive.ubuntu.com/ubuntu noble-updates/main amd64 libglib2.0-dev-bin amd64 2.80.0-6ubuntu3.8 [138 kB]
2026-09-17T08:36:28.6370311Z Get:20 http://azure.archive.ubuntu.com/ubuntu noble-updates/main amd64 uuid-dev amd64 2.39.3-9ubuntu6.6 [33.5 kB]
2026-09-17T08:36:28.6438993Z Get:21 http://azure.archive.ubuntu.com/ubuntu noble-updates/main amd64 libblkid-dev amd64 2.39.3-9ubuntu6.6 [205 kB]
2026-09-17T08:36:28.6521670Z Get:22 http://azure.archive.ubuntu.com/ubuntu noble/main amd64 libsepol-dev amd64 3.5-2build1 [384 kB]
2026-09-17T08:36:28.6620981Z Get:23 http://azure.archive.ubuntu.com/ubuntu noble-updates/main amd64 libselinux1-dev amd64 3.5-2ubuntu2.1 [164 kB]
2026-09-17T08:36:28.6701587Z Get:24 http://azure.archive.ubuntu.com/ubuntu noble-updates/main amd64 libmount-dev amd64 2.39.3-9ubuntu6.6 [14.9 kB]
2026-09-17T08:36:28.6772581Z Get:25 http://azure.archive.ubuntu.com/ubuntu noble-updates/main amd64 libgirepository-2.0-0 amd64 2.80.0-6ubuntu3.8 [73.6 kB]
2026-09-17T08:36:28.6843072Z Get:26 http://azure.archive.ubuntu.com/ubuntu noble-updates/main amd64 libglib2.0-dev amd64 2.80.0-6ubuntu3.8 [1860 kB]
2026-09-17T08:36:28.7045880Z Get:27 http://azure.archive.ubuntu.com/ubuntu noble/main amd64 libatk1.0-dev amd64 2.52.0-1build1 [100 kB]
2026-09-17T08:36:28.7123057Z Get:28 http://azure.archive.ubuntu.com/ubuntu noble-updates/main amd64 libdbus-1-dev amd64 1.14.10-4ubuntu4.1 [190 kB]
2026-09-17T08:36:28.7204047Z Get:29 http://azure.archive.ubuntu.com/ubuntu noble/main amd64 xorg-sgml-doctools all 1:1.11-1.1 [10.9 kB]
2026-09-17T08:36:28.7272502Z Get:30 http://azure.archive.ubuntu.com/ubuntu noble/main amd64 x11proto-dev all 2023.2-1 [602 kB]
2026-09-17T08:36:28.7385923Z Get:31 http://azure.archive.ubuntu.com/ubuntu noble/main amd64 libxau-dev amd64 1:1.0.9-1build6 [9570 B]
2026-09-17T08:36:28.7453363Z Get:32 http://azure.archive.ubuntu.com/ubuntu noble/main amd64 libxdmcp-dev amd64 1:1.1.3-0ubuntu6 [26.5 kB]
2026-09-17T08:36:28.7520813Z Get:33 http://azure.archive.ubuntu.com/ubuntu noble/main amd64 xtrans-dev all 1.4.0-1 [68.9 kB]
2026-09-17T08:36:28.7594536Z Get:34 http://azure.archive.ubuntu.com/ubuntu noble/main amd64 libpthread-stubs0-dev amd64 0.4-1build3 [4746 B]
2026-09-17T08:36:28.7662345Z Get:35 http://azure.archive.ubuntu.com/ubuntu noble/main amd64 libxcb1-dev amd64 1.15-1ubuntu2 [85.8 kB]
2026-09-17T08:36:28.7736972Z Get:36 http://azure.archive.ubuntu.com/ubuntu noble/main amd64 libx11-dev amd64 2:1.8.7-1build1 [732 kB]
2026-09-17T08:36:28.7860147Z Get:37 http://azure.archive.ubuntu.com/ubuntu noble/main amd64 libxext-dev amd64 2:1.3.4-1build2 [83.5 kB]
2026-09-17T08:36:28.7932623Z Get:38 http://azure.archive.ubuntu.com/ubuntu noble/main amd64 libxfixes-dev amd64 1:6.0.0-2build1 [12.1 kB]
2026-09-17T08:36:28.8409022Z Get:39 http://azure.archive.ubuntu.com/ubuntu noble/main amd64 libxi-dev amd64 2:1.8.1-1build1 [194 kB]
2026-09-17T08:36:28.8492063Z Get:40 http://azure.archive.ubuntu.com/ubuntu noble/main amd64 libxtst-dev amd64 2:1.2.3-1.1build1 [15.9 kB]
2026-09-17T08:36:28.8558618Z Get:41 http://azure.archive.ubuntu.com/ubuntu noble/main amd64 libatspi2.0-dev amd64 2.52.0-1build1 [76.2 kB]
2026-09-17T08:36:28.8630349Z Get:42 http://azure.archive.ubuntu.com/ubuntu noble/main amd64 libatk-bridge2.0-dev amd64 2.52.0-1build1 [4284 B]
2026-09-17T08:36:28.8696688Z Get:43 http://azure.archive.ubuntu.com/ubuntu noble/main amd64 libbrotli-dev amd64 1.1.0-2build2 [353 kB]
2026-09-17T08:36:28.8795626Z Get:44 http://azure.archive.ubuntu.com/ubuntu noble-updates/main amd64 libbz2-dev amd64 1.0.8-5.1ubuntu0.1 [33.6 kB]
2026-09-17T08:36:28.8866842Z Get:45 http://azure.archive.ubuntu.com/ubuntu noble/main amd64 libcairo-script-interpreter2 amd64 1.18.0-3build1 [60.3 kB]
2026-09-17T08:36:28.8937090Z Get:46 http://azure.archive.ubuntu.com/ubuntu noble-updates/main amd64 libpng-dev amd64 1.6.43-5ubuntu0.6 [265 kB]
2026-09-17T08:36:28.9028793Z Get:47 http://azure.archive.ubuntu.com/ubuntu noble-updates/main amd64 libfreetype-dev amd64 2.13.2+dfsg-1ubuntu0.1 [575 kB]
2026-09-17T08:36:28.9163878Z Get:48 http://azure.archive.ubuntu.com/ubuntu noble/main amd64 libfontconfig-dev amd64 2.15.0-1.1ubuntu2 [161 kB]
2026-09-17T08:36:28.9237975Z Get:49 http://azure.archive.ubuntu.com/ubuntu noble/main amd64 libpixman-1-dev amd64 0.42.2-1build1 [296 kB]
2026-09-17T08:36:28.9332881Z Get:50 http://azure.archive.ubuntu.com/ubuntu noble/main amd64 libice-dev amd64 2:1.0.10-1build3 [51.0 kB]
2026-09-17T08:36:28.9403424Z Get:51 http://azure.archive.ubuntu.com/ubuntu noble/main amd64 libsm-dev amd64 2:1.2.3-1build3 [17.8 kB]
2026-09-17T08:36:28.9469485Z Get:52 http://azure.archive.ubuntu.com/ubuntu noble/main amd64 libxcb-render0-dev amd64 1.15-1ubuntu2 [19.6 kB]
2026-09-17T08:36:28.9593203Z Get:53 http://azure.archive.ubuntu.com/ubuntu noble/main amd64 libxcb-shm0-dev amd64 1.15-1ubuntu2 [8246 B]
2026-09-17T08:36:28.9656249Z Get:54 http://azure.archive.ubuntu.com/ubuntu noble/main amd64 libxrender-dev amd64 1:0.9.10-1.1build1 [26.3 kB]
2026-09-17T08:36:28.9770453Z Get:55 http://azure.archive.ubuntu.com/ubuntu noble/main amd64 libcairo2-dev amd64 1.18.0-3build1 [41.1 kB]
2026-09-17T08:36:28.9861518Z Get:56 http://azure.archive.ubuntu.com/ubuntu noble/main amd64 libdatrie-dev amd64 0.2.13-3build1 [19.4 kB]
2026-09-17T08:36:28.9930801Z Get:57 http://azure.archive.ubuntu.com/ubuntu noble-updates/main amd64 libdeflate-dev amd64 1.19-1build1.1 [50.9 kB]
2026-09-17T08:36:29.0451230Z Get:58 http://azure.archive.ubuntu.com/ubuntu noble-updates/main amd64 libegl-mesa0 amd64 25.2.8-0ubuntu0.24.04.2 [117 kB]
2026-09-17T08:36:29.0566394Z Get:59 http://azure.archive.ubuntu.com/ubuntu noble/main amd64 libegl1 amd64 1.7.0-1build1 [28.7 kB]
2026-09-17T08:36:29.0633888Z Get:60 http://azure.archive.ubuntu.com/ubuntu noble/main amd64 libglx-dev amd64 1.7.0-1build1 [14.2 kB]
2026-09-17T08:36:29.0701852Z Get:61 http://azure.archive.ubuntu.com/ubuntu noble/main amd64 libgl-dev amd64 1.7.0-1build1 [102 kB]
2026-09-17T08:36:29.0791264Z Get:62 http://azure.archive.ubuntu.com/ubuntu noble/main amd64 libegl-dev amd64 1.7.0-1build1 [18.2 kB]
2026-09-17T08:36:29.0856775Z Get:63 http://azure.archive.ubuntu.com/ubuntu noble/main amd64 libglvnd-core-dev amd64 1.7.0-1build1 [13.6 kB]
2026-09-17T08:36:29.0934690Z Get:64 http://azure.archive.ubuntu.com/ubuntu noble/main amd64 libgles1 amd64 1.7.0-1build1 [11.6 kB]
2026-09-17T08:36:29.0986851Z Get:65 http://azure.archive.ubuntu.com/ubuntu noble/main amd64 libgles2 amd64 1.7.0-1build1 [17.1 kB]
2026-09-17T08:36:29.1052594Z Get:66 http://azure.archive.ubuntu.com/ubuntu noble/main amd64 libgles-dev amd64 1.7.0-1build1 [50.5 kB]
2026-09-17T08:36:29.1121864Z Get:67 http://azure.archive.ubuntu.com/ubuntu noble/main amd64 libopengl0 amd64 1.7.0-1build1 [32.8 kB]
2026-09-17T08:36:29.1190090Z Get:68 http://azure.archive.ubuntu.com/ubuntu noble/main amd64 libopengl-dev amd64 1.7.0-1build1 [3454 B]
2026-09-17T08:36:29.1253998Z Get:69 http://azure.archive.ubuntu.com/ubuntu noble/main amd64 libglvnd-dev amd64 1.7.0-1build1 [3198 B]
2026-09-17T08:36:29.1319097Z Get:70 http://azure.archive.ubuntu.com/ubuntu noble-updates/main amd64 libegl1-mesa-dev amd64 25.2.8-0ubuntu0.24.04.2 [26.7 kB]
2026-09-17T08:36:29.1386469Z Get:71 http://azure.archive.ubuntu.com/ubuntu noble/main amd64 libepoxy-dev amd64 1.5.10-1build1 [132 kB]
2026-09-17T08:36:29.1472084Z Get:72 http://azure.archive.ubuntu.com/ubuntu noble/main amd64 libfribidi-dev amd64 1.0.13-3build1 [64.8 kB]
2026-09-17T08:36:29.1542403Z Get:73 http://azure.archive.ubuntu.com/ubuntu noble-updates/main amd64 libgdk-pixbuf2.0-bin amd64 2.42.10+dfsg-3ubuntu3.3 [13.9 kB]
2026-09-17T08:36:29.1611911Z Get:74 http://azure.archive.ubuntu.com/ubuntu noble/main amd64 libjpeg-turbo8-dev amd64 2.1.5-2ubuntu2 [295 kB]
2026-09-17T08:36:29.1724315Z Get:75 http://azure.archive.ubuntu.com/ubuntu noble/main amd64 libjpeg8-dev amd64 8c-2ubuntu11 [1484 B]
2026-09-17T08:36:29.2208539Z Get:76 http://azure.archive.ubuntu.com/ubuntu noble/main amd64 libjpeg-dev amd64 8c-2ubuntu11 [1482 B]
2026-09-17T08:36:29.2273926Z Get:77 http://azure.archive.ubuntu.com/ubuntu noble/main amd64 libjbig-dev amd64 2.1-6.1ubuntu2 [27.9 kB]
2026-09-17T08:36:29.2339695Z Get:78 http://azure.archive.ubuntu.com/ubuntu noble-updates/main amd64 liblzma-dev amd64 5.6.1+really5.4.5-1ubuntu0.3 [176 kB]
2026-09-17T08:36:29.2421234Z Get:79 http://azure.archive.ubuntu.com/ubuntu noble/main amd64 libwebpdecoder3 amd64 1.3.2-0.4build3 [114 kB]
2026-09-17T08:36:29.2524085Z Get:80 http://azure.archive.ubuntu.com/ubuntu noble/main amd64 libsharpyuv-dev amd64 1.3.2-0.4build3 [16.0 kB]
2026-09-17T08:36:29.2588113Z Get:81 http://azure.archive.ubuntu.com/ubuntu noble/main amd64 libwebp-dev amd64 1.3.2-0.4build3 [367 kB]
2026-09-17T08:36:29.2690223Z Get:82 http://azure.archive.ubuntu.com/ubuntu noble-updates/main amd64 libtiffxx6 amd64 4.5.1+git230720-4ubuntu2.5 [5642 B]
2026-09-17T08:36:29.2755112Z Get:83 http://azure.archive.ubuntu.com/ubuntu noble/main amd64 liblerc-dev amd64 4.0.0+ds-4ubuntu2 [182 kB]
2026-09-17T08:36:29.2834938Z Get:84 http://azure.archive.ubuntu.com/ubuntu noble-updates/main amd64 libtiff-dev amd64 4.5.1+git230720-4ubuntu2.5 [338 kB]
2026-09-17T08:36:29.2931311Z Get:85 http://azure.archive.ubuntu.com/ubuntu noble-updates/main amd64 libgdk-pixbuf-2.0-dev amd64 2.42.10+dfsg-3ubuntu3.3 [47.9 kB]
2026-09-17T08:36:29.2999496Z Get:86 http://azure.archive.ubuntu.com/ubuntu noble-updates/main amd64 libgraphite2-dev amd64 1.3.14-2ubuntu0.24.04.1 [14.7 kB]
2026-09-17T08:36:29.3065896Z Get:87 http://azure.archive.ubuntu.com/ubuntu noble/main amd64 libharfbuzz-icu0 amd64 8.3.0-2build2 [13.3 kB]
2026-09-17T08:36:29.3132389Z Get:88 http://azure.archive.ubuntu.com/ubuntu noble/main amd64 libharfbuzz-subset0 amd64 8.3.0-2build2 [448 kB]
2026-09-17T08:36:29.3234277Z Get:89 http://azure.archive.ubuntu.com/ubuntu noble/main amd64 libharfbuzz-cairo0 amd64 8.3.0-2build2 [26.2 kB]
2026-09-17T08:36:29.3300413Z Get:90 http://azure.archive.ubuntu.com/ubuntu noble/main amd64 libharfbuzz-dev amd64 8.3.0-2build2 [142 kB]
2026-09-17T08:36:29.3381252Z Get:91 http://azure.archive.ubuntu.com/ubuntu noble/main amd64 libthai-dev amd64 0.1.29-2build1 [26.6 kB]
2026-09-17T08:36:29.3448693Z Get:92 http://azure.archive.ubuntu.com/ubuntu noble/main amd64 libxft-dev amd64 2.3.6-1build1 [64.3 kB]
2026-09-17T08:36:29.3519407Z Get:93 http://azure.archive.ubuntu.com/ubuntu noble/main amd64 pango1.0-tools amd64 1.52.1+ds-1build1 [36.7 kB]
2026-09-17T08:36:29.3585958Z Get:94 http://azure.archive.ubuntu.com/ubuntu noble/main amd64 libpango1.0-dev amd64 1.52.1+ds-1build1 [147 kB]
2026-09-17T08:36:29.4148175Z Get:95 http://azure.archive.ubuntu.com/ubuntu noble/main amd64 libwayland-server0 amd64 1.22.0-2.1build1 [33.9 kB]
2026-09-17T08:36:29.4279248Z Get:96 http://azure.archive.ubuntu.com/ubuntu noble/main amd64 libwayland-bin amd64 1.22.0-2.1build1 [20.6 kB]
2026-09-17T08:36:29.4346892Z Get:97 http://azure.archive.ubuntu.com/ubuntu noble/main amd64 libwayland-dev amd64 1.22.0-2.1build1 [71.3 kB]
2026-09-17T08:36:29.4421010Z Get:98 http://azure.archive.ubuntu.com/ubuntu noble/main amd64 libxcomposite-dev amd64 1:0.4.5-1build3 [9374 B]
2026-09-17T08:36:29.4486778Z Get:99 http://azure.archive.ubuntu.com/ubuntu noble/main amd64 libxcursor-dev amd64 1:1.2.1-1build1 [31.8 kB]
2026-09-17T08:36:29.4555642Z Get:100 http://azure.archive.ubuntu.com/ubuntu noble/main amd64 libxdamage-dev amd64 1:1.1.6-1build1 [5270 B]
2026-09-17T08:36:29.4623596Z Get:101 http://azure.archive.ubuntu.com/ubuntu noble/main amd64 libxinerama-dev amd64 2:1.1.4-3build1 [7988 B]
2026-09-17T08:36:29.4693343Z Get:102 http://azure.archive.ubuntu.com/ubuntu noble/main amd64 libxkbcommon-dev amd64 1.6.0-1build1 [56.3 kB]
2026-09-17T08:36:29.4842047Z Get:103 http://azure.archive.ubuntu.com/ubuntu noble/main amd64 libxrandr-dev amd64 2:1.5.2-2build1 [26.4 kB]
2026-09-17T08:36:29.4961212Z Get:104 http://azure.archive.ubuntu.com/ubuntu noble-updates/main amd64 wayland-protocols all 1.45-1~ubuntu0.24.04.2 [114 kB]
2026-09-17T08:36:29.5148268Z Get:105 http://azure.archive.ubuntu.com/ubuntu noble-updates/main amd64 libgtk-3-dev amd64 3.24.41-4ubuntu1.3 [1096 kB]
2026-09-17T08:36:29.5737653Z Get:106 http://azure.archive.ubuntu.com/ubuntu noble-updates/main amd64 libpng-tools amd64 1.6.43-5ubuntu0.6 [28.5 kB]
2026-09-17T08:36:29.5841690Z Get:107 http://azure.archive.ubuntu.com/ubuntu noble/universe amd64 ninja-build amd64 1.11.1-2 [129 kB]
2026-09-17T08:36:29.9693094Z Fetched 27.3 MB in 1s (21.2 MB/s)
2026-09-17T08:36:29.9937541Z Selecting previously unselected package bzip2-doc.
2026-09-17T08:36:30.0259344Z (Reading database ... 
2026-09-17T08:36:30.0259699Z (Reading database ... 5%
2026-09-17T08:36:30.0260023Z (Reading database ... 10%
2026-09-17T08:36:30.0260323Z (Reading database ... 15%
2026-09-17T08:36:30.0260605Z (Reading database ... 20%
2026-09-17T08:36:30.0260886Z (Reading database ... 25%
2026-09-17T08:36:30.0261900Z (Reading database ... 30%
2026-09-17T08:36:30.0262224Z (Reading database ... 35%
2026-09-17T08:36:30.0262513Z (Reading database ... 40%
2026-09-17T08:36:30.0262803Z (Reading database ... 45%
2026-09-17T08:36:30.0263073Z (Reading database ... 50%
2026-09-17T08:36:30.0318586Z (Reading database ... 55%
2026-09-17T08:36:30.1215206Z (Reading database ... 60%
2026-09-17T08:36:30.2469248Z (Reading database ... 65%
2026-09-17T08:36:30.4469118Z (Reading database ... 70%
2026-09-17T08:36:30.4970583Z (Reading database ... 75%
2026-09-17T08:36:30.6308797Z (Reading database ... 80%
2026-09-17T08:36:30.7574045Z (Reading database ... 85%
2026-09-17T08:36:30.9122387Z (Reading database ... 90%
2026-09-17T08:36:31.0190052Z (Reading database ... 95%
2026-09-17T08:36:31.0190558Z (Reading database ... 100%
2026-09-17T08:36:31.0191503Z (Reading database ... 201818 files and directories currently installed.)
2026-09-17T08:36:31.0235883Z Preparing to unpack .../000-bzip2-doc_1.0.8-5.1ubuntu0.1_all.deb ...
2026-09-17T08:36:31.0264551Z Unpacking bzip2-doc (1.0.8-5.1ubuntu0.1) ...
2026-09-17T08:36:31.0555634Z Selecting previously unselected package clang.
2026-09-17T08:36:31.0687136Z Preparing to unpack .../001-clang_1%3a18.0-59~exp2_amd64.deb ...
2026-09-17T08:36:31.0697093Z Unpacking clang (1:18.0-59~exp2) ...
2026-09-17T08:36:31.1017906Z Selecting previously unselected package libjsoncpp25:amd64.
2026-09-17T08:36:31.1151403Z Preparing to unpack .../002-libjsoncpp25_1.9.5-6build1_amd64.deb ...
2026-09-17T08:36:31.1176246Z Unpacking libjsoncpp25:amd64 (1.9.5-6build1) ...
2026-09-17T08:36:31.1413896Z Selecting previously unselected package librhash0:amd64.
2026-09-17T08:36:31.1542818Z Preparing to unpack .../003-librhash0_1.4.3-3build1_amd64.deb ...
2026-09-17T08:36:31.1552624Z Unpacking librhash0:amd64 (1.4.3-3build1) ...
2026-09-17T08:36:31.1796640Z Selecting previously unselected package cmake-data.
2026-09-17T08:36:31.1926638Z Preparing to unpack .../004-cmake-data_3.28.3-1build7_all.deb ...
2026-09-17T08:36:31.1999553Z Unpacking cmake-data (3.28.3-1build7) ...
2026-09-17T08:36:31.7534633Z Selecting previously unselected package cmake.
2026-09-17T08:36:31.7675569Z Preparing to unpack .../005-cmake_3.28.3-1build7_amd64.deb ...
2026-09-17T08:36:31.7684118Z Unpacking cmake (3.28.3-1build7) ...
2026-09-17T08:36:31.9300226Z Selecting previously unselected package gir1.2-atk-1.0:amd64.
2026-09-17T08:36:31.9430838Z Preparing to unpack .../006-gir1.2-atk-1.0_2.52.0-1build1_amd64.deb ...
2026-09-17T08:36:31.9439673Z Unpacking gir1.2-atk-1.0:amd64 (2.52.0-1build1) ...
2026-09-17T08:36:31.9646289Z Selecting previously unselected package gir1.2-freedesktop:amd64.
2026-09-17T08:36:31.9777156Z Preparing to unpack .../007-gir1.2-freedesktop_1.80.1-1_amd64.deb ...
2026-09-17T08:36:31.9785382Z Unpacking gir1.2-freedesktop:amd64 (1.80.1-1) ...
2026-09-17T08:36:32.0022292Z Selecting previously unselected package gir1.2-atspi-2.0:amd64.
2026-09-17T08:36:32.0152838Z Preparing to unpack .../008-gir1.2-atspi-2.0_2.52.0-1build1_amd64.deb ...
2026-09-17T08:36:32.0161476Z Unpacking gir1.2-atspi-2.0:amd64 (2.52.0-1build1) ...
2026-09-17T08:36:32.0376356Z Selecting previously unselected package gir1.2-glib-2.0-dev:amd64.
2026-09-17T08:36:32.0506337Z Preparing to unpack .../009-gir1.2-glib-2.0-dev_2.80.0-6ubuntu3.8_amd64.deb ...
2026-09-17T08:36:32.0515870Z Unpacking gir1.2-glib-2.0-dev:amd64 (2.80.0-6ubuntu3.8) ...
2026-09-17T08:36:32.1039316Z Selecting previously unselected package gir1.2-freedesktop-dev:amd64.
2026-09-17T08:36:32.1174682Z Preparing to unpack .../010-gir1.2-freedesktop-dev_1.80.1-1_amd64.deb ...
2026-09-17T08:36:32.1184883Z Unpacking gir1.2-freedesktop-dev:amd64 (1.80.1-1) ...
2026-09-17T08:36:32.1424796Z Selecting previously unselected package gir1.2-gdkpixbuf-2.0:amd64.
2026-09-17T08:36:32.1556357Z Preparing to unpack .../011-gir1.2-gdkpixbuf-2.0_2.42.10+dfsg-3ubuntu3.3_amd64.deb ...
2026-09-17T08:36:32.1564779Z Unpacking gir1.2-gdkpixbuf-2.0:amd64 (2.42.10+dfsg-3ubuntu3.3) ...
2026-09-17T08:36:32.1791270Z Selecting previously unselected package libharfbuzz-gobject0:amd64.
2026-09-17T08:36:32.1925011Z Preparing to unpack .../012-libharfbuzz-gobject0_8.3.0-2build2_amd64.deb ...
2026-09-17T08:36:32.1987873Z Unpacking libharfbuzz-gobject0:amd64 (8.3.0-2build2) ...
2026-09-17T08:36:32.2201364Z Selecting previously unselected package gir1.2-harfbuzz-0.0:amd64.
2026-09-17T08:36:32.2334351Z Preparing to unpack .../013-gir1.2-harfbuzz-0.0_8.3.0-2build2_amd64.deb ...
2026-09-17T08:36:32.2345789Z Unpacking gir1.2-harfbuzz-0.0:amd64 (8.3.0-2build2) ...
2026-09-17T08:36:32.2574371Z Selecting previously unselected package libpangoxft-1.0-0:amd64.
2026-09-17T08:36:32.2706015Z Preparing to unpack .../014-libpangoxft-1.0-0_1.52.1+ds-1build1_amd64.deb ...
2026-09-17T08:36:32.2715494Z Unpacking libpangoxft-1.0-0:amd64 (1.52.1+ds-1build1) ...
2026-09-17T08:36:32.2928571Z Selecting previously unselected package gir1.2-pango-1.0:amd64.
2026-09-17T08:36:32.3065108Z Preparing to unpack .../015-gir1.2-pango-1.0_1.52.1+ds-1build1_amd64.deb ...
2026-09-17T08:36:32.3074040Z Unpacking gir1.2-pango-1.0:amd64 (1.52.1+ds-1build1) ...
2026-09-17T08:36:32.3298268Z Selecting previously unselected package gir1.2-gtk-3.0:amd64.
2026-09-17T08:36:32.3430155Z Preparing to unpack .../016-gir1.2-gtk-3.0_3.24.41-4ubuntu1.3_amd64.deb ...
2026-09-17T08:36:32.3438845Z Unpacking gir1.2-gtk-3.0:amd64 (3.24.41-4ubuntu1.3) ...
2026-09-17T08:36:32.3698947Z Selecting previously unselected package libglib2.0-dev-bin.
2026-09-17T08:36:32.3830644Z Preparing to unpack .../017-libglib2.0-dev-bin_2.80.0-6ubuntu3.8_amd64.deb ...
2026-09-17T08:36:32.3840296Z Unpacking libglib2.0-dev-bin (2.80.0-6ubuntu3.8) ...
2026-09-17T08:36:32.4207090Z Selecting previously unselected package uuid-dev:amd64.
2026-09-17T08:36:32.4341159Z Preparing to unpack .../018-uuid-dev_2.39.3-9ubuntu6.6_amd64.deb ...
2026-09-17T08:36:32.4350192Z Unpacking uuid-dev:amd64 (2.39.3-9ubuntu6.6) ...
2026-09-17T08:36:32.4656092Z Selecting previously unselected package libblkid-dev:amd64.
2026-09-17T08:36:32.4785156Z Preparing to unpack .../019-libblkid-dev_2.39.3-9ubuntu6.6_amd64.deb ...
2026-09-17T08:36:32.4793679Z Unpacking libblkid-dev:amd64 (2.39.3-9ubuntu6.6) ...
2026-09-17T08:36:32.5035241Z Selecting previously unselected package libsepol-dev:amd64.
2026-09-17T08:36:32.5165812Z Preparing to unpack .../020-libsepol-dev_3.5-2build1_amd64.deb ...
2026-09-17T08:36:32.5174942Z Unpacking libsepol-dev:amd64 (3.5-2build1) ...
2026-09-17T08:36:32.5532051Z Selecting previously unselected package libselinux1-dev:amd64.
2026-09-17T08:36:32.5680456Z Preparing to unpack .../021-libselinux1-dev_3.5-2ubuntu2.1_amd64.deb ...
2026-09-17T08:36:32.5687352Z Unpacking libselinux1-dev:amd64 (3.5-2ubuntu2.1) ...
2026-09-17T08:36:32.6136258Z Selecting previously unselected package libmount-dev:amd64.
2026-09-17T08:36:32.6267213Z Preparing to unpack .../022-libmount-dev_2.39.3-9ubuntu6.6_amd64.deb ...
2026-09-17T08:36:32.6276930Z Unpacking libmount-dev:amd64 (2.39.3-9ubuntu6.6) ...
2026-09-17T08:36:32.6533640Z Selecting previously unselected package libgirepository-2.0-0:amd64.
2026-09-17T08:36:32.6662341Z Preparing to unpack .../023-libgirepository-2.0-0_2.80.0-6ubuntu3.8_amd64.deb ...
2026-09-17T08:36:32.6672546Z Unpacking libgirepository-2.0-0:amd64 (2.80.0-6ubuntu3.8) ...
2026-09-17T08:36:32.6901830Z Selecting previously unselected package libglib2.0-dev:amd64.
2026-09-17T08:36:32.7035523Z Preparing to unpack .../024-libglib2.0-dev_2.80.0-6ubuntu3.8_amd64.deb ...
2026-09-17T08:36:32.7044272Z Unpacking libglib2.0-dev:amd64 (2.80.0-6ubuntu3.8) ...
2026-09-17T08:36:32.8045694Z Selecting previously unselected package libatk1.0-dev:amd64.
2026-09-17T08:36:32.8175628Z Preparing to unpack .../025-libatk1.0-dev_2.52.0-1build1_amd64.deb ...
2026-09-17T08:36:32.8189846Z Unpacking libatk1.0-dev:amd64 (2.52.0-1build1) ...
2026-09-17T08:36:32.8531857Z Selecting previously unselected package libdbus-1-dev:amd64.
2026-09-17T08:36:32.8665973Z Preparing to unpack .../026-libdbus-1-dev_1.14.10-4ubuntu4.1_amd64.deb ...
2026-09-17T08:36:32.8675686Z Unpacking libdbus-1-dev:amd64 (1.14.10-4ubuntu4.1) ...
2026-09-17T08:36:32.8992745Z Selecting previously unselected package xorg-sgml-doctools.
2026-09-17T08:36:32.9122370Z Preparing to unpack .../027-xorg-sgml-doctools_1%3a1.11-1.1_all.deb ...
2026-09-17T08:36:32.9132036Z Unpacking xorg-sgml-doctools (1:1.11-1.1) ...
2026-09-17T08:36:32.9380647Z Selecting previously unselected package x11proto-dev.
2026-09-17T08:36:32.9510644Z Preparing to unpack .../028-x11proto-dev_2023.2-1_all.deb ...
2026-09-17T08:36:32.9519847Z Unpacking x11proto-dev (2023.2-1) ...
2026-09-17T08:36:33.0084457Z Selecting previously unselected package libxau-dev:amd64.
2026-09-17T08:36:33.0219216Z Preparing to unpack .../029-libxau-dev_1%3a1.0.9-1build6_amd64.deb ...
2026-09-17T08:36:33.0228845Z Unpacking libxau-dev:amd64 (1:1.0.9-1build6) ...
2026-09-17T08:36:33.0452963Z Selecting previously unselected package libxdmcp-dev:amd64.
2026-09-17T08:36:33.0584037Z Preparing to unpack .../030-libxdmcp-dev_1%3a1.1.3-0ubuntu6_amd64.deb ...
2026-09-17T08:36:33.0593331Z Unpacking libxdmcp-dev:amd64 (1:1.1.3-0ubuntu6) ...
2026-09-17T08:36:33.0818884Z Selecting previously unselected package xtrans-dev.
2026-09-17T08:36:33.0952882Z Preparing to unpack .../031-xtrans-dev_1.4.0-1_all.deb ...
2026-09-17T08:36:33.0962285Z Unpacking xtrans-dev (1.4.0-1) ...
2026-09-17T08:36:33.1216870Z Selecting previously unselected package libpthread-stubs0-dev:amd64.
2026-09-17T08:36:33.1350892Z Preparing to unpack .../032-libpthread-stubs0-dev_0.4-1build3_amd64.deb ...
2026-09-17T08:36:33.1363734Z Unpacking libpthread-stubs0-dev:amd64 (0.4-1build3) ...
2026-09-17T08:36:33.1597752Z Selecting previously unselected package libxcb1-dev:amd64.
2026-09-17T08:36:33.1723968Z Preparing to unpack .../033-libxcb1-dev_1.15-1ubuntu2_amd64.deb ...
2026-09-17T08:36:33.1734169Z Unpacking libxcb1-dev:amd64 (1.15-1ubuntu2) ...
2026-09-17T08:36:33.2042285Z Selecting previously unselected package libx11-dev:amd64.
2026-09-17T08:36:33.2175681Z Preparing to unpack .../034-libx11-dev_2%3a1.8.7-1build1_amd64.deb ...
2026-09-17T08:36:33.2185286Z Unpacking libx11-dev:amd64 (2:1.8.7-1build1) ...
2026-09-17T08:36:33.2503959Z Selecting previously unselected package libxext-dev:amd64.
2026-09-17T08:36:33.2635898Z Preparing to unpack .../035-libxext-dev_2%3a1.3.4-1build2_amd64.deb ...
2026-09-17T08:36:33.2647811Z Unpacking libxext-dev:amd64 (2:1.3.4-1build2) ...
2026-09-17T08:36:33.2982140Z Selecting previously unselected package libxfixes-dev:amd64.
2026-09-17T08:36:33.3114221Z Preparing to unpack .../036-libxfixes-dev_1%3a6.0.0-2build1_amd64.deb ...
2026-09-17T08:36:33.3134973Z Unpacking libxfixes-dev:amd64 (1:6.0.0-2build1) ...
2026-09-17T08:36:33.4759220Z Selecting previously unselected package libxi-dev:amd64.
2026-09-17T08:36:33.4899173Z Preparing to unpack .../037-libxi-dev_2%3a1.8.1-1build1_amd64.deb ...
2026-09-17T08:36:33.4908656Z Unpacking libxi-dev:amd64 (2:1.8.1-1build1) ...
2026-09-17T08:36:33.5255217Z Selecting previously unselected package libxtst-dev:amd64.
2026-09-17T08:36:33.5388058Z Preparing to unpack .../038-libxtst-dev_2%3a1.2.3-1.1build1_amd64.deb ...
2026-09-17T08:36:33.5400899Z Unpacking libxtst-dev:amd64 (2:1.2.3-1.1build1) ...
2026-09-17T08:36:33.5633913Z Selecting previously unselected package libatspi2.0-dev:amd64.
2026-09-17T08:36:33.5763482Z Preparing to unpack .../039-libatspi2.0-dev_2.52.0-1build1_amd64.deb ...
2026-09-17T08:36:33.5774579Z Unpacking libatspi2.0-dev:amd64 (2.52.0-1build1) ...
2026-09-17T08:36:33.6052358Z Selecting previously unselected package libatk-bridge2.0-dev:amd64.
2026-09-17T08:36:33.6182679Z Preparing to unpack .../040-libatk-bridge2.0-dev_2.52.0-1build1_amd64.deb ...
2026-09-17T08:36:33.6192322Z Unpacking libatk-bridge2.0-dev:amd64 (2.52.0-1build1) ...
2026-09-17T08:36:33.6468523Z Selecting previously unselected package libbrotli-dev:amd64.
2026-09-17T08:36:33.6604166Z Preparing to unpack .../041-libbrotli-dev_1.1.0-2build2_amd64.deb ...
2026-09-17T08:36:33.6614292Z Unpacking libbrotli-dev:amd64 (1.1.0-2build2) ...
2026-09-17T08:36:33.6887303Z Selecting previously unselected package libbz2-dev:amd64.
2026-09-17T08:36:33.7018672Z Preparing to unpack .../042-libbz2-dev_1.0.8-5.1ubuntu0.1_amd64.deb ...
2026-09-17T08:36:33.7029209Z Unpacking libbz2-dev:amd64 (1.0.8-5.1ubuntu0.1) ...
2026-09-17T08:36:33.7257984Z Selecting previously unselected package libcairo-script-interpreter2:amd64.
2026-09-17T08:36:33.7389490Z Preparing to unpack .../043-libcairo-script-interpreter2_1.18.0-3build1_amd64.deb ...
2026-09-17T08:36:33.7399846Z Unpacking libcairo-script-interpreter2:amd64 (1.18.0-3build1) ...
2026-09-17T08:36:33.7665137Z Selecting previously unselected package libpng-dev:amd64.
2026-09-17T08:36:33.7798647Z Preparing to unpack .../044-libpng-dev_1.6.43-5ubuntu0.6_amd64.deb ...
2026-09-17T08:36:33.7807605Z Unpacking libpng-dev:amd64 (1.6.43-5ubuntu0.6) ...
2026-09-17T08:36:33.8099206Z Selecting previously unselected package libfreetype-dev:amd64.
2026-09-17T08:36:33.8233152Z Preparing to unpack .../045-libfreetype-dev_2.13.2+dfsg-1ubuntu0.1_amd64.deb ...
2026-09-17T08:36:33.8242824Z Unpacking libfreetype-dev:amd64 (2.13.2+dfsg-1ubuntu0.1) ...
2026-09-17T08:36:33.8604220Z Selecting previously unselected package libfontconfig-dev:amd64.
2026-09-17T08:36:33.8738578Z Preparing to unpack .../046-libfontconfig-dev_2.15.0-1.1ubuntu2_amd64.deb ...
2026-09-17T08:36:33.8748452Z Unpacking libfontconfig-dev:amd64 (2.15.0-1.1ubuntu2) ...
2026-09-17T08:36:33.8994757Z Selecting previously unselected package libpixman-1-dev:amd64.
2026-09-17T08:36:33.9124282Z Preparing to unpack .../047-libpixman-1-dev_0.42.2-1build1_amd64.deb ...
2026-09-17T08:36:33.9133160Z Unpacking libpixman-1-dev:amd64 (0.42.2-1build1) ...
2026-09-17T08:36:33.9388965Z Selecting previously unselected package libice-dev:amd64.
2026-09-17T08:36:33.9523691Z Preparing to unpack .../048-libice-dev_2%3a1.0.10-1build3_amd64.deb ...
2026-09-17T08:36:33.9533707Z Unpacking libice-dev:amd64 (2:1.0.10-1build3) ...
2026-09-17T08:36:33.9831107Z Selecting previously unselected package libsm-dev:amd64.
2026-09-17T08:36:33.9969221Z Preparing to unpack .../049-libsm-dev_2%3a1.2.3-1build3_amd64.deb ...
2026-09-17T08:36:33.9978588Z Unpacking libsm-dev:amd64 (2:1.2.3-1build3) ...
2026-09-17T08:36:34.0203851Z Selecting previously unselected package libxcb-render0-dev:amd64.
2026-09-17T08:36:34.0337791Z Preparing to unpack .../050-libxcb-render0-dev_1.15-1ubuntu2_amd64.deb ...
2026-09-17T08:36:34.0347703Z Unpacking libxcb-render0-dev:amd64 (1.15-1ubuntu2) ...
2026-09-17T08:36:34.0595574Z Selecting previously unselected package libxcb-shm0-dev:amd64.
2026-09-17T08:36:34.0733482Z Preparing to unpack .../051-libxcb-shm0-dev_1.15-1ubuntu2_amd64.deb ...
2026-09-17T08:36:34.0743319Z Unpacking libxcb-shm0-dev:amd64 (1.15-1ubuntu2) ...
2026-09-17T08:36:34.1056672Z Selecting previously unselected package libxrender-dev:amd64.
2026-09-17T08:36:34.1191563Z Preparing to unpack .../052-libxrender-dev_1%3a0.9.10-1.1build1_amd64.deb ...
2026-09-17T08:36:34.1201779Z Unpacking libxrender-dev:amd64 (1:0.9.10-1.1build1) ...
2026-09-17T08:36:34.1453660Z Selecting previously unselected package libcairo2-dev:amd64.
2026-09-17T08:36:34.1597878Z Preparing to unpack .../053-libcairo2-dev_1.18.0-3build1_amd64.deb ...
2026-09-17T08:36:34.1624802Z Unpacking libcairo2-dev:amd64 (1.18.0-3build1) ...
2026-09-17T08:36:34.1902175Z Selecting previously unselected package libdatrie-dev:amd64.
2026-09-17T08:36:34.2039303Z Preparing to unpack .../054-libdatrie-dev_0.2.13-3build1_amd64.deb ...
2026-09-17T08:36:34.2049971Z Unpacking libdatrie-dev:amd64 (0.2.13-3build1) ...
2026-09-17T08:36:34.2282705Z Selecting previously unselected package libdeflate-dev:amd64.
2026-09-17T08:36:34.2417079Z Preparing to unpack .../055-libdeflate-dev_1.19-1build1.1_amd64.deb ...
2026-09-17T08:36:34.2426357Z Unpacking libdeflate-dev:amd64 (1.19-1build1.1) ...
2026-09-17T08:36:34.2672459Z Selecting previously unselected package libegl-mesa0:amd64.
2026-09-17T08:36:34.2807908Z Preparing to unpack .../056-libegl-mesa0_25.2.8-0ubuntu0.24.04.2_amd64.deb ...
2026-09-17T08:36:34.2818001Z Unpacking libegl-mesa0:amd64 (25.2.8-0ubuntu0.24.04.2) ...
2026-09-17T08:36:34.3113528Z Selecting previously unselected package libegl1:amd64.
2026-09-17T08:36:34.3247521Z Preparing to unpack .../057-libegl1_1.7.0-1build1_amd64.deb ...
2026-09-17T08:36:34.3257507Z Unpacking libegl1:amd64 (1.7.0-1build1) ...
2026-09-17T08:36:34.3478582Z Selecting previously unselected package libglx-dev:amd64.
2026-09-17T08:36:34.3611189Z Preparing to unpack .../058-libglx-dev_1.7.0-1build1_amd64.deb ...
2026-09-17T08:36:34.3619543Z Unpacking libglx-dev:amd64 (1.7.0-1build1) ...
2026-09-17T08:36:34.3837824Z Selecting previously unselected package libgl-dev:amd64.
2026-09-17T08:36:34.3977624Z Preparing to unpack .../059-libgl-dev_1.7.0-1build1_amd64.deb ...
2026-09-17T08:36:34.3985871Z Unpacking libgl-dev:amd64 (1.7.0-1build1) ...
2026-09-17T08:36:34.4250894Z Selecting previously unselected package libegl-dev:amd64.
2026-09-17T08:36:34.4434160Z Preparing to unpack .../060-libegl-dev_1.7.0-1build1_amd64.deb ...
2026-09-17T08:36:34.4440994Z Unpacking libegl-dev:amd64 (1.7.0-1build1) ...
2026-09-17T08:36:34.4664032Z Selecting previously unselected package libglvnd-core-dev:amd64.
2026-09-17T08:36:34.4793760Z Preparing to unpack .../061-libglvnd-core-dev_1.7.0-1build1_amd64.deb ...
2026-09-17T08:36:34.4804515Z Unpacking libglvnd-core-dev:amd64 (1.7.0-1build1) ...
2026-09-17T08:36:34.5032636Z Selecting previously unselected package libgles1:amd64.
2026-09-17T08:36:34.5169368Z Preparing to unpack .../062-libgles1_1.7.0-1build1_amd64.deb ...
2026-09-17T08:36:34.5179099Z Unpacking libgles1:amd64 (1.7.0-1build1) ...
2026-09-17T08:36:34.5449176Z Selecting previously unselected package libgles2:amd64.
2026-09-17T08:36:34.5588614Z Preparing to unpack .../063-libgles2_1.7.0-1build1_amd64.deb ...
2026-09-17T08:36:34.5601163Z Unpacking libgles2:amd64 (1.7.0-1build1) ...
2026-09-17T08:36:34.5829481Z Selecting previously unselected package libgles-dev:amd64.
2026-09-17T08:36:34.5962319Z Preparing to unpack .../064-libgles-dev_1.7.0-1build1_amd64.deb ...
2026-09-17T08:36:34.5971984Z Unpacking libgles-dev:amd64 (1.7.0-1build1) ...
2026-09-17T08:36:34.6245694Z Selecting previously unselected package libopengl0:amd64.
2026-09-17T08:36:34.6376700Z Preparing to unpack .../065-libopengl0_1.7.0-1build1_amd64.deb ...
2026-09-17T08:36:34.6424050Z Unpacking libopengl0:amd64 (1.7.0-1build1) ...
2026-09-17T08:36:34.6641341Z Selecting previously unselected package libopengl-dev:amd64.
2026-09-17T08:36:34.6771641Z Preparing to unpack .../066-libopengl-dev_1.7.0-1build1_amd64.deb ...
2026-09-17T08:36:34.6780748Z Unpacking libopengl-dev:amd64 (1.7.0-1build1) ...
2026-09-17T08:36:34.6994051Z Selecting previously unselected package libglvnd-dev:amd64.
2026-09-17T08:36:34.7127186Z Preparing to unpack .../067-libglvnd-dev_1.7.0-1build1_amd64.deb ...
2026-09-17T08:36:34.7135465Z Unpacking libglvnd-dev:amd64 (1.7.0-1build1) ...
2026-09-17T08:36:34.7354524Z Selecting previously unselected package libegl1-mesa-dev:amd64.
2026-09-17T08:36:34.7490162Z Preparing to unpack .../068-libegl1-mesa-dev_25.2.8-0ubuntu0.24.04.2_amd64.deb ...
2026-09-17T08:36:34.7530900Z Unpacking libegl1-mesa-dev:amd64 (25.2.8-0ubuntu0.24.04.2) ...
2026-09-17T08:36:34.7772154Z Selecting previously unselected package libepoxy-dev:amd64.
2026-09-17T08:36:34.7909029Z Preparing to unpack .../069-libepoxy-dev_1.5.10-1build1_amd64.deb ...
2026-09-17T08:36:34.7939897Z Unpacking libepoxy-dev:amd64 (1.5.10-1build1) ...
2026-09-17T08:36:34.8225389Z Selecting previously unselected package libfribidi-dev:amd64.
2026-09-17T08:36:34.8358692Z Preparing to unpack .../070-libfribidi-dev_1.0.13-3build1_amd64.deb ...
2026-09-17T08:36:34.8369929Z Unpacking libfribidi-dev:amd64 (1.0.13-3build1) ...
2026-09-17T08:36:34.8703600Z Selecting previously unselected package libgdk-pixbuf2.0-bin.
2026-09-17T08:36:34.8833125Z Preparing to unpack .../071-libgdk-pixbuf2.0-bin_2.42.10+dfsg-3ubuntu3.3_amd64.deb ...
2026-09-17T08:36:34.8841745Z Unpacking libgdk-pixbuf2.0-bin (2.42.10+dfsg-3ubuntu3.3) ...
2026-09-17T08:36:34.9081435Z Selecting previously unselected package libjpeg-turbo8-dev:amd64.
2026-09-17T08:36:34.9211971Z Preparing to unpack .../072-libjpeg-turbo8-dev_2.1.5-2ubuntu2_amd64.deb ...
2026-09-17T08:36:34.9220944Z Unpacking libjpeg-turbo8-dev:amd64 (2.1.5-2ubuntu2) ...
2026-09-17T08:36:34.9496889Z Selecting previously unselected package libjpeg8-dev:amd64.
2026-09-17T08:36:34.9629154Z Preparing to unpack .../073-libjpeg8-dev_8c-2ubuntu11_amd64.deb ...
2026-09-17T08:36:34.9639908Z Unpacking libjpeg8-dev:amd64 (8c-2ubuntu11) ...
2026-09-17T08:36:34.9895080Z Selecting previously unselected package libjpeg-dev:amd64.
2026-09-17T08:36:35.0028402Z Preparing to unpack .../074-libjpeg-dev_8c-2ubuntu11_amd64.deb ...
2026-09-17T08:36:35.0057269Z Unpacking libjpeg-dev:amd64 (8c-2ubuntu11) ...
2026-09-17T08:36:35.0263523Z Selecting previously unselected package libjbig-dev:amd64.
2026-09-17T08:36:35.0394974Z Preparing to unpack .../075-libjbig-dev_2.1-6.1ubuntu2_amd64.deb ...
2026-09-17T08:36:35.0403038Z Unpacking libjbig-dev:amd64 (2.1-6.1ubuntu2) ...
2026-09-17T08:36:35.0668808Z Selecting previously unselected package liblzma-dev:amd64.
2026-09-17T08:36:35.0805617Z Preparing to unpack .../076-liblzma-dev_5.6.1+really5.4.5-1ubuntu0.3_amd64.deb ...
2026-09-17T08:36:35.0850121Z Unpacking liblzma-dev:amd64 (5.6.1+really5.4.5-1ubuntu0.3) ...
2026-09-17T08:36:35.1154154Z Selecting previously unselected package libwebpdecoder3:amd64.
2026-09-17T08:36:35.1282772Z Preparing to unpack .../077-libwebpdecoder3_1.3.2-0.4build3_amd64.deb ...
2026-09-17T08:36:35.1300998Z Unpacking libwebpdecoder3:amd64 (1.3.2-0.4build3) ...
2026-09-17T08:36:35.1523693Z Selecting previously unselected package libsharpyuv-dev:amd64.
2026-09-17T08:36:35.1654402Z Preparing to unpack .../078-libsharpyuv-dev_1.3.2-0.4build3_amd64.deb ...
2026-09-17T08:36:35.1664269Z Unpacking libsharpyuv-dev:amd64 (1.3.2-0.4build3) ...
2026-09-17T08:36:35.1891630Z Selecting previously unselected package libwebp-dev:amd64.
2026-09-17T08:36:35.2022186Z Preparing to unpack .../079-libwebp-dev_1.3.2-0.4build3_amd64.deb ...
2026-09-17T08:36:35.2034562Z Unpacking libwebp-dev:amd64 (1.3.2-0.4build3) ...
2026-09-17T08:36:35.2362168Z Selecting previously unselected package libtiffxx6:amd64.
2026-09-17T08:36:35.2492121Z Preparing to unpack .../080-libtiffxx6_4.5.1+git230720-4ubuntu2.5_amd64.deb ...
2026-09-17T08:36:35.2502184Z Unpacking libtiffxx6:amd64 (4.5.1+git230720-4ubuntu2.5) ...
2026-09-17T08:36:35.2839928Z Selecting previously unselected package liblerc-dev:amd64.
2026-09-17T08:36:35.2969506Z Preparing to unpack .../081-liblerc-dev_4.0.0+ds-4ubuntu2_amd64.deb ...
2026-09-17T08:36:35.2978173Z Unpacking liblerc-dev:amd64 (4.0.0+ds-4ubuntu2) ...
2026-09-17T08:36:35.3335968Z Selecting previously unselected package libtiff-dev:amd64.
2026-09-17T08:36:35.3472000Z Preparing to unpack .../082-libtiff-dev_4.5.1+git230720-4ubuntu2.5_amd64.deb ...
2026-09-17T08:36:35.3480010Z Unpacking libtiff-dev:amd64 (4.5.1+git230720-4ubuntu2.5) ...
2026-09-17T08:36:35.3825206Z Selecting previously unselected package libgdk-pixbuf-2.0-dev:amd64.
2026-09-17T08:36:35.3958515Z Preparing to unpack .../083-libgdk-pixbuf-2.0-dev_2.42.10+dfsg-3ubuntu3.3_amd64.deb ...
2026-09-17T08:36:35.3967188Z Unpacking libgdk-pixbuf-2.0-dev:amd64 (2.42.10+dfsg-3ubuntu3.3) ...
2026-09-17T08:36:35.4227279Z Selecting previously unselected package libgraphite2-dev:amd64.
2026-09-17T08:36:35.4364380Z Preparing to unpack .../084-libgraphite2-dev_1.3.14-2ubuntu0.24.04.1_amd64.deb ...
2026-09-17T08:36:35.4373326Z Unpacking libgraphite2-dev:amd64 (1.3.14-2ubuntu0.24.04.1) ...
2026-09-17T08:36:35.4639374Z Selecting previously unselected package libharfbuzz-icu0:amd64.
2026-09-17T08:36:35.4776001Z Preparing to unpack .../085-libharfbuzz-icu0_8.3.0-2build2_amd64.deb ...
2026-09-17T08:36:35.4785590Z Unpacking libharfbuzz-icu0:amd64 (8.3.0-2build2) ...
2026-09-17T08:36:35.5018901Z Selecting previously unselected package libharfbuzz-subset0:amd64.
2026-09-17T08:36:35.5156465Z Preparing to unpack .../086-libharfbuzz-subset0_8.3.0-2build2_amd64.deb ...
2026-09-17T08:36:35.5165845Z Unpacking libharfbuzz-subset0:amd64 (8.3.0-2build2) ...
2026-09-17T08:36:35.5508119Z Selecting previously unselected package libharfbuzz-cairo0:amd64.
2026-09-17T08:36:35.5640660Z Preparing to unpack .../087-libharfbuzz-cairo0_8.3.0-2build2_amd64.deb ...
2026-09-17T08:36:35.5649607Z Unpacking libharfbuzz-cairo0:amd64 (8.3.0-2build2) ...
2026-09-17T08:36:35.5870591Z Selecting previously unselected package libharfbuzz-dev:amd64.
2026-09-17T08:36:35.6001262Z Preparing to unpack .../088-libharfbuzz-dev_8.3.0-2build2_amd64.deb ...
2026-09-17T08:36:35.6010323Z Unpacking libharfbuzz-dev:amd64 (8.3.0-2build2) ...
2026-09-17T08:36:35.6375516Z Selecting previously unselected package libthai-dev:amd64.
2026-09-17T08:36:35.6507226Z Preparing to unpack .../089-libthai-dev_0.1.29-2build1_amd64.deb ...
2026-09-17T08:36:35.6521910Z Unpacking libthai-dev:amd64 (0.1.29-2build1) ...
2026-09-17T08:36:35.6771870Z Selecting previously unselected package libxft-dev:amd64.
2026-09-17T08:36:35.6907821Z Preparing to unpack .../090-libxft-dev_2.3.6-1build1_amd64.deb ...
2026-09-17T08:36:35.6918445Z Unpacking libxft-dev:amd64 (2.3.6-1build1) ...
2026-09-17T08:36:35.7228741Z Selecting previously unselected package pango1.0-tools.
2026-09-17T08:36:35.7360594Z Preparing to unpack .../091-pango1.0-tools_1.52.1+ds-1build1_amd64.deb ...
2026-09-17T08:36:35.7370818Z Unpacking pango1.0-tools (1.52.1+ds-1build1) ...
2026-09-17T08:36:35.7641571Z Selecting previously unselected package libpango1.0-dev:amd64.
2026-09-17T08:36:35.7781190Z Preparing to unpack .../092-libpango1.0-dev_1.52.1+ds-1build1_amd64.deb ...
2026-09-17T08:36:35.7788798Z Unpacking libpango1.0-dev:amd64 (1.52.1+ds-1build1) ...
2026-09-17T08:36:35.8163306Z Selecting previously unselected package libwayland-server0:amd64.
2026-09-17T08:36:35.8294547Z Preparing to unpack .../093-libwayland-server0_1.22.0-2.1build1_amd64.deb ...
2026-09-17T08:36:35.8304650Z Unpacking libwayland-server0:amd64 (1.22.0-2.1build1) ...
2026-09-17T08:36:35.8520385Z Selecting previously unselected package libwayland-bin.
2026-09-17T08:36:35.8651731Z Preparing to unpack .../094-libwayland-bin_1.22.0-2.1build1_amd64.deb ...
2026-09-17T08:36:35.8662341Z Unpacking libwayland-bin (1.22.0-2.1build1) ...
2026-09-17T08:36:35.8896684Z Selecting previously unselected package libwayland-dev:amd64.
2026-09-17T08:36:35.9029862Z Preparing to unpack .../095-libwayland-dev_1.22.0-2.1build1_amd64.deb ...
2026-09-17T08:36:35.9039018Z Unpacking libwayland-dev:amd64 (1.22.0-2.1build1) ...
2026-09-17T08:36:35.9313160Z Selecting previously unselected package libxcomposite-dev:amd64.
2026-09-17T08:36:35.9439403Z Preparing to unpack .../096-libxcomposite-dev_1%3a0.4.5-1build3_amd64.deb ...
2026-09-17T08:36:35.9448538Z Unpacking libxcomposite-dev:amd64 (1:0.4.5-1build3) ...
2026-09-17T08:36:35.9686979Z Selecting previously unselected package libxcursor-dev:amd64.
2026-09-17T08:36:35.9818772Z Preparing to unpack .../097-libxcursor-dev_1%3a1.2.1-1build1_amd64.deb ...
2026-09-17T08:36:35.9829467Z Unpacking libxcursor-dev:amd64 (1:1.2.1-1build1) ...
2026-09-17T08:36:36.0143102Z Selecting previously unselected package libxdamage-dev:amd64.
2026-09-17T08:36:36.0281721Z Preparing to unpack .../098-libxdamage-dev_1%3a1.1.6-1build1_amd64.deb ...
2026-09-17T08:36:36.0293151Z Unpacking libxdamage-dev:amd64 (1:1.1.6-1build1) ...
2026-09-17T08:36:36.0518504Z Selecting previously unselected package libxinerama-dev:amd64.
2026-09-17T08:36:36.0654310Z Preparing to unpack .../099-libxinerama-dev_2%3a1.1.4-3build1_amd64.deb ...
2026-09-17T08:36:36.0667610Z Unpacking libxinerama-dev:amd64 (2:1.1.4-3build1) ...
2026-09-17T08:36:36.0898609Z Selecting previously unselected package libxkbcommon-dev:amd64.
2026-09-17T08:36:36.1035676Z Preparing to unpack .../100-libxkbcommon-dev_1.6.0-1build1_amd64.deb ...
2026-09-17T08:36:36.1050732Z Unpacking libxkbcommon-dev:amd64 (1.6.0-1build1) ...
2026-09-17T08:36:36.1288160Z Selecting previously unselected package libxrandr-dev:amd64.
2026-09-17T08:36:36.1422680Z Preparing to unpack .../101-libxrandr-dev_2%3a1.5.2-2build1_amd64.deb ...
2026-09-17T08:36:36.1432044Z Unpacking libxrandr-dev:amd64 (2:1.5.2-2build1) ...
2026-09-17T08:36:36.1683885Z Selecting previously unselected package wayland-protocols.
2026-09-17T08:36:36.1816609Z Preparing to unpack .../102-wayland-protocols_1.45-1~ubuntu0.24.04.2_all.deb ...
2026-09-17T08:36:36.1825711Z Unpacking wayland-protocols (1.45-1~ubuntu0.24.04.2) ...
2026-09-17T08:36:36.2273531Z Selecting previously unselected package libgtk-3-dev:amd64.
2026-09-17T08:36:36.2408096Z Preparing to unpack .../103-libgtk-3-dev_3.24.41-4ubuntu1.3_amd64.deb ...
2026-09-17T08:36:36.2415602Z Unpacking libgtk-3-dev:amd64 (3.24.41-4ubuntu1.3) ...
2026-09-17T08:36:36.3640204Z Selecting previously unselected package libpng-tools.
2026-09-17T08:36:36.3771220Z Preparing to unpack .../104-libpng-tools_1.6.43-5ubuntu0.6_amd64.deb ...
2026-09-17T08:36:36.3780516Z Unpacking libpng-tools (1.6.43-5ubuntu0.6) ...
2026-09-17T08:36:36.4018702Z Selecting previously unselected package ninja-build.
2026-09-17T08:36:36.4149198Z Preparing to unpack .../105-ninja-build_1.11.1-2_amd64.deb ...
2026-09-17T08:36:36.4159160Z Unpacking ninja-build (1.11.1-2) ...
2026-09-17T08:36:36.4687623Z Setting up libcairo-script-interpreter2:amd64 (1.18.0-3build1) ...
2026-09-17T08:36:36.4728694Z Setting up libglib2.0-dev-bin (2.80.0-6ubuntu3.8) ...
2026-09-17T08:36:36.6216933Z Setting up bzip2-doc (1.0.8-5.1ubuntu0.1) ...
2026-09-17T08:36:36.6240899Z Setting up libwayland-server0:amd64 (1.22.0-2.1build1) ...
2026-09-17T08:36:36.6261532Z Setting up libjpeg-turbo8-dev:amd64 (2.1.5-2ubuntu2) ...
2026-09-17T08:36:36.6284408Z Setting up gir1.2-freedesktop:amd64 (1.80.1-1) ...
2026-09-17T08:36:36.6310944Z Setting up libharfbuzz-icu0:amd64 (8.3.0-2build2) ...
2026-09-17T08:36:36.6333029Z Setting up libpixman-1-dev:amd64 (0.42.2-1build1) ...
2026-09-17T08:36:36.6353929Z Setting up libpangoxft-1.0-0:amd64 (1.52.1+ds-1build1) ...
2026-09-17T08:36:36.6382442Z Setting up libglvnd-core-dev:amd64 (1.7.0-1build1) ...
2026-09-17T08:36:36.6404292Z Setting up gir1.2-gdkpixbuf-2.0:amd64 (2.42.10+dfsg-3ubuntu3.3) ...
2026-09-17T08:36:36.6427860Z Setting up libpng-tools (1.6.43-5ubuntu0.6) ...
2026-09-17T08:36:36.6448389Z Setting up libgirepository-2.0-0:amd64 (2.80.0-6ubuntu3.8) ...
2026-09-17T08:36:36.6470719Z Setting up gir1.2-atk-1.0:amd64 (2.52.0-1build1) ...
2026-09-17T08:36:36.6495585Z Setting up libfribidi-dev:amd64 (1.0.13-3build1) ...
2026-09-17T08:36:36.6517042Z Setting up libxkbcommon-dev:amd64 (1.6.0-1build1) ...
2026-09-17T08:36:36.6582554Z Setting up libpng-dev:amd64 (1.6.43-5ubuntu0.6) ...
2026-09-17T08:36:36.6633562Z Setting up pango1.0-tools (1.52.1+ds-1build1) ...
2026-09-17T08:36:36.6654803Z Setting up libjbig-dev:amd64 (2.1-6.1ubuntu2) ...
2026-09-17T08:36:36.6677980Z Setting up libwebpdecoder3:amd64 (1.3.2-0.4build3) ...
2026-09-17T08:36:36.6705262Z Setting up libharfbuzz-gobject0:amd64 (8.3.0-2build2) ...
2026-09-17T08:36:36.6726050Z Setting up gir1.2-atspi-2.0:amd64 (2.52.0-1build1) ...
2026-09-17T08:36:36.6749446Z Setting up gir1.2-harfbuzz-0.0:amd64 (8.3.0-2build2) ...
2026-09-17T08:36:36.6770635Z Setting up libpthread-stubs0-dev:amd64 (0.4-1build3) ...
2026-09-17T08:36:36.6799951Z Setting up libopengl0:amd64 (1.7.0-1build1) ...
2026-09-17T08:36:36.6823514Z Setting up ninja-build (1.11.1-2) ...
2026-09-17T08:36:36.6853852Z Setting up xtrans-dev (1.4.0-1) ...
2026-09-17T08:36:36.6882603Z Setting up libwayland-bin (1.22.0-2.1build1) ...
2026-09-17T08:36:36.6906419Z Setting up libgraphite2-dev:amd64 (1.3.14-2ubuntu0.24.04.1) ...
2026-09-17T08:36:36.6937816Z Setting up gir1.2-pango-1.0:amd64 (1.52.1+ds-1build1) ...
2026-09-17T08:36:36.6969198Z Setting up libegl-mesa0:amd64 (25.2.8-0ubuntu0.24.04.2) ...
2026-09-17T08:36:36.6994612Z Setting up libgles2:amd64 (1.7.0-1build1) ...
2026-09-17T08:36:36.7030442Z Setting up libharfbuzz-cairo0:amd64 (8.3.0-2build2) ...
2026-09-17T08:36:36.7055807Z Setting up libdbus-1-dev:amd64 (1.14.10-4ubuntu4.1) ...
2026-09-17T08:36:36.8621382Z Setting up uuid-dev:amd64 (2.39.3-9ubuntu6.6) ...
2026-09-17T08:36:36.8645101Z Setting up clang (1:18.0-59~exp2) ...
2026-09-17T08:36:36.8937341Z Setting up libgles1:amd64 (1.7.0-1build1) ...
2026-09-17T08:36:36.8962901Z Setting up libjsoncpp25:amd64 (1.9.5-6build1) ...
2026-09-17T08:36:36.8984593Z Setting up libsepol-dev:amd64 (3.5-2build1) ...
2026-09-17T08:36:36.9006082Z Setting up liblerc-dev:amd64 (4.0.0+ds-4ubuntu2) ...
2026-09-17T08:36:36.9026961Z Setting up liblzma-dev:amd64 (5.6.1+really5.4.5-1ubuntu0.3) ...
2026-09-17T08:36:36.9050859Z Setting up wayland-protocols (1.45-1~ubuntu0.24.04.2) ...
2026-09-17T08:36:36.9076402Z Setting up libdatrie-dev:amd64 (0.2.13-3build1) ...
2026-09-17T08:36:36.9103216Z Setting up gir1.2-glib-2.0-dev:amd64 (2.80.0-6ubuntu3.8) ...
2026-09-17T08:36:36.9135843Z Setting up libgdk-pixbuf2.0-bin (2.42.10+dfsg-3ubuntu3.3) ...
2026-09-17T08:36:36.9156779Z Setting up librhash0:amd64 (1.4.3-3build1) ...
2026-09-17T08:36:36.9179773Z Setting up libegl1:amd64 (1.7.0-1build1) ...
2026-09-17T08:36:36.9202024Z Setting up libharfbuzz-subset0:amd64 (8.3.0-2build2) ...
2026-09-17T08:36:36.9229317Z Setting up xorg-sgml-doctools (1:1.11-1.1) ...
2026-09-17T08:36:36.9261154Z Setting up cmake-data (3.28.3-1build7) ...
2026-09-17T08:36:36.9337051Z Setting up libopengl-dev:amd64 (1.7.0-1build1) ...
2026-09-17T08:36:36.9358567Z Setting up libjpeg8-dev:amd64 (8c-2ubuntu11) ...
2026-09-17T08:36:36.9382914Z Setting up libsharpyuv-dev:amd64 (1.3.2-0.4build3) ...
2026-09-17T08:36:36.9411096Z Setting up libtiffxx6:amd64 (4.5.1+git230720-4ubuntu2.5) ...
2026-09-17T08:36:36.9436369Z Setting up libdeflate-dev:amd64 (1.19-1build1.1) ...
2026-09-17T08:36:36.9462664Z Setting up libbrotli-dev:amd64 (1.1.0-2build2) ...
2026-09-17T08:36:36.9485891Z Setting up libbz2-dev:amd64 (1.0.8-5.1ubuntu0.1) ...
2026-09-17T08:36:36.9509821Z Setting up libblkid-dev:amd64 (2.39.3-9ubuntu6.6) ...
2026-09-17T08:36:36.9542323Z Setting up libselinux1-dev:amd64 (3.5-2ubuntu2.1) ...
2026-09-17T08:36:36.9564837Z Setting up gir1.2-gtk-3.0:amd64 (3.24.41-4ubuntu1.3) ...
2026-09-17T08:36:36.9588999Z Setting up libjpeg-dev:amd64 (8c-2ubuntu11) ...
2026-09-17T08:36:36.9611749Z Setting up libwayland-dev:amd64 (1.22.0-2.1build1) ...
2026-09-17T08:36:36.9635369Z Setting up libfreetype-dev:amd64 (2.13.2+dfsg-1ubuntu0.1) ...
2026-09-17T08:36:36.9659131Z Setting up libwebp-dev:amd64 (1.3.2-0.4build3) ...
2026-09-17T08:36:36.9682021Z Setting up libtiff-dev:amd64 (4.5.1+git230720-4ubuntu2.5) ...
2026-09-17T08:36:36.9710305Z Setting up gir1.2-freedesktop-dev:amd64 (1.80.1-1) ...
2026-09-17T08:36:36.9745535Z Setting up libthai-dev:amd64 (0.1.29-2build1) ...
2026-09-17T08:36:36.9767004Z Setting up cmake (3.28.3-1build7) ...
2026-09-17T08:36:36.9797030Z Setting up libmount-dev:amd64 (2.39.3-9ubuntu6.6) ...
2026-09-17T08:36:36.9822735Z Setting up libfontconfig-dev:amd64 (2.15.0-1.1ubuntu2) ...
2026-09-17T08:36:36.9883256Z Setting up libglib2.0-dev:amd64 (2.80.0-6ubuntu3.8) ...
2026-09-17T08:36:37.0194811Z Processing triggers for libc-bin (2.39-0ubuntu8.8) ...
2026-09-17T08:36:37.0588269Z Processing triggers for man-db (2.12.0-4build2) ...
2026-09-17T08:36:37.0612332Z Not building database; man-db/auto-update is not 'true'.
2026-09-17T08:36:37.0629890Z Processing triggers for libglib2.0-0t64:amd64 (2.80.0-6ubuntu3.8) ...
2026-09-17T08:36:37.0768287Z Processing triggers for sgml-base (1.31) ...
2026-09-17T08:36:37.0912835Z Processing triggers for install-info (7.1-3build2) ...
2026-09-17T08:36:37.2005688Z Setting up libatk1.0-dev:amd64 (2.52.0-1build1) ...
2026-09-17T08:36:37.2038796Z Setting up x11proto-dev (2023.2-1) ...
2026-09-17T08:36:37.2163421Z Setting up libgdk-pixbuf-2.0-dev:amd64 (2.42.10+dfsg-3ubuntu3.3) ...
2026-09-17T08:36:37.2219927Z Setting up libharfbuzz-dev:amd64 (8.3.0-2build2) ...
2026-09-17T08:36:37.2246063Z Setting up libxau-dev:amd64 (1:1.0.9-1build6) ...
2026-09-17T08:36:37.2271516Z Setting up libice-dev:amd64 (2:1.0.10-1build3) ...
2026-09-17T08:36:37.2300816Z Setting up libsm-dev:amd64 (2:1.2.3-1build3) ...
2026-09-17T08:36:37.2346157Z Setting up libxdmcp-dev:amd64 (1:1.1.3-0ubuntu6) ...
2026-09-17T08:36:37.2432132Z Setting up libxcb1-dev:amd64 (1.15-1ubuntu2) ...
2026-09-17T08:36:37.2585638Z Setting up libx11-dev:amd64 (2:1.8.7-1build1) ...
2026-09-17T08:36:37.2621420Z Setting up libxfixes-dev:amd64 (1:6.0.0-2build1) ...
2026-09-17T08:36:37.2646400Z Setting up libxcb-shm0-dev:amd64 (1.15-1ubuntu2) ...
2026-09-17T08:36:37.2681218Z Setting up libxcb-render0-dev:amd64 (1.15-1ubuntu2) ...
2026-09-17T08:36:37.2706879Z Setting up libxext-dev:amd64 (2:1.3.4-1build2) ...
2026-09-17T08:36:37.2741744Z Setting up libglx-dev:amd64 (1.7.0-1build1) ...
2026-09-17T08:36:37.2775396Z Setting up libxi-dev:amd64 (2:1.8.1-1build1) ...
2026-09-17T08:36:37.2798961Z Setting up libxrender-dev:amd64 (1:0.9.10-1.1build1) ...
2026-09-17T08:36:37.2827173Z Setting up libgl-dev:amd64 (1.7.0-1build1) ...
2026-09-17T08:36:37.2856264Z Setting up libxft-dev:amd64 (2.3.6-1build1) ...
2026-09-17T08:36:37.2882947Z Setting up libxtst-dev:amd64 (2:1.2.3-1.1build1) ...
2026-09-17T08:36:37.2916223Z Setting up libxdamage-dev:amd64 (1:1.1.6-1build1) ...
2026-09-17T08:36:37.2944340Z Setting up libatspi2.0-dev:amd64 (2.52.0-1build1) ...
2026-09-17T08:36:37.2988828Z Setting up libegl-dev:amd64 (1.7.0-1build1) ...
2026-09-17T08:36:37.3013695Z Setting up libxcomposite-dev:amd64 (1:0.4.5-1build3) ...
2026-09-17T08:36:37.3045176Z Setting up libxcursor-dev:amd64 (1:1.2.1-1build1) ...
2026-09-17T08:36:37.3070996Z Setting up libepoxy-dev:amd64 (1.5.10-1build1) ...
2026-09-17T08:36:37.3102509Z Setting up libatk-bridge2.0-dev:amd64 (2.52.0-1build1) ...
2026-09-17T08:36:37.3129334Z Setting up libxrandr-dev:amd64 (2:1.5.2-2build1) ...
2026-09-17T08:36:37.3196624Z Setting up libxinerama-dev:amd64 (2:1.1.4-3build1) ...
2026-09-17T08:36:37.3226583Z Setting up libcairo2-dev:amd64 (1.18.0-3build1) ...
2026-09-17T08:36:37.3258820Z Setting up libgles-dev:amd64 (1.7.0-1build1) ...
2026-09-17T08:36:37.3304641Z Setting up libglvnd-dev:amd64 (1.7.0-1build1) ...
2026-09-17T08:36:37.3335586Z Setting up libpango1.0-dev:amd64 (1.52.1+ds-1build1) ...
2026-09-17T08:36:37.3370995Z Setting up libegl1-mesa-dev:amd64 (25.2.8-0ubuntu0.24.04.2) ...
2026-09-17T08:36:37.3405548Z Setting up libgtk-3-dev:amd64 (3.24.41-4ubuntu1.3) ...
2026-09-17T08:36:38.0295812Z 
2026-09-17T08:36:38.0296558Z Running kernel seems to be up-to-date.
2026-09-17T08:36:38.0297002Z 
2026-09-17T08:36:38.0297177Z No services need to be restarted.
2026-09-17T08:36:38.0297687Z 
2026-09-17T08:36:38.0297830Z No containers need to be restarted.
2026-09-17T08:36:38.0298069Z 
2026-09-17T08:36:38.0298238Z No user sessions are running outdated binaries.
2026-09-17T08:36:38.0298512Z 
2026-09-17T08:36:38.0298765Z No VM guests are running outdated hypervisor (qemu) binaries on this host.
2026-09-17T08:36:39.1270267Z ##[group]Run flutter create --org com.taozhu --project-name taozhu_app .
2026-09-17T08:36:39.1270881Z [36;1mflutter create --org com.taozhu --project-name taozhu_app .[0m
2026-09-17T08:36:39.1271311Z [36;1mflutter build linux --release[0m
2026-09-17T08:36:39.1308815Z shell: /usr/bin/bash -e {0}
2026-09-17T08:36:39.1309102Z env:
2026-09-17T08:36:39.1309433Z   FLUTTER_ROOT: /opt/hostedtoolcache/flutter/stable-3.47.4-x64/flutter
2026-09-17T08:36:39.1309862Z   PUB_CACHE: /home/runner/.pub-cache
2026-09-17T08:36:39.1310153Z ##[endgroup]
2026-09-17T08:36:39.3464245Z Recreating project ....
2026-09-17T08:36:39.3891499Z   macos/RunnerTests/RunnerTests.swift (created)
2026-09-17T08:36:39.3995156Z   macos/Runner.xcworkspace/contents.xcworkspacedata (created)
2026-09-17T08:36:39.4000246Z   macos/Runner.xcworkspace/xcshareddata/IDEWorkspaceChecks.plist (created)
2026-09-17T08:36:39.4004411Z   macos/.gitignore (created)
2026-09-17T08:36:39.4008578Z   macos/Runner/Info.plist (created)
2026-09-17T08:36:39.4014038Z   macos/Runner/Base.lproj/MainMenu.xib (created)
2026-09-17T08:36:39.4019682Z   macos/Runner/Assets.xcassets/AppIcon.appiconset/app_icon_64.png (created)
2026-09-17T08:36:39.4031727Z   macos/Runner/Assets.xcassets/AppIcon.appiconset/app_icon_512.png (created)
2026-09-17T08:36:39.4036688Z   macos/Runner/Assets.xcassets/AppIcon.appiconset/app_icon_32.png (created)
2026-09-17T08:36:39.4042162Z   macos/Runner/Assets.xcassets/AppIcon.appiconset/Contents.json (created)
2026-09-17T08:36:39.4047940Z   macos/Runner/Assets.xcassets/AppIcon.appiconset/app_icon_16.png (created)
2026-09-17T08:36:39.4053871Z   macos/Runner/Assets.xcassets/AppIcon.appiconset/app_icon_1024.png (created)
2026-09-17T08:36:39.4059965Z   macos/Runner/Assets.xcassets/AppIcon.appiconset/app_icon_128.png (created)
2026-09-17T08:36:39.4065172Z   macos/Runner/Assets.xcassets/AppIcon.appiconset/app_icon_256.png (created)
2026-09-17T08:36:39.4070153Z   macos/Runner/AppDelegate.swift (created)
2026-09-17T08:36:39.4074722Z   macos/Runner/DebugProfile.entitlements (created)
2026-09-17T08:36:39.4079460Z   macos/Runner/Configs/Release.xcconfig (created)
2026-09-17T08:36:39.4084586Z   macos/Runner/Configs/Warnings.xcconfig (created)
2026-09-17T08:36:39.4089333Z   macos/Runner/Configs/Debug.xcconfig (created)
2026-09-17T08:36:39.4093978Z   macos/Runner/Configs/AppInfo.xcconfig (created)
2026-09-17T08:36:39.4121849Z   macos/Runner/Release.entitlements (created)
2026-09-17T08:36:39.4125534Z   macos/Runner/MainFlutterWindow.swift (created)
2026-09-17T08:36:39.4131161Z   macos/Runner.xcodeproj/project.pbxproj (created)
2026-09-17T08:36:39.4291204Z   macos/Runner.xcodeproj/project.xcworkspace/xcshareddata/IDEWorkspaceChecks.plist (created)
2026-09-17T08:36:39.4293569Z   macos/Runner.xcodeproj/xcshareddata/xcschemes/Runner.xcscheme (created)
2026-09-17T08:36:39.4305705Z   macos/Flutter/Flutter-Release.xcconfig (created)
2026-09-17T08:36:39.4310190Z   macos/Flutter/Flutter-Debug.xcconfig (created)
2026-09-17T08:36:39.4313755Z   README.md (created)
2026-09-17T08:36:39.4319652Z   analysis_options.yaml (created)
2026-09-17T08:36:39.4330220Z   taozhu_app.iml (created)
2026-09-17T08:36:39.4335332Z   windows/.gitignore (created)
2026-09-17T08:36:39.4340230Z   windows/flutter/CMakeLists.txt (created)
2026-09-17T08:36:39.4344255Z   windows/CMakeLists.txt (created)
2026-09-17T08:36:39.4353251Z   windows/runner/flutter_window.h (created)
2026-09-17T08:36:39.4357487Z   windows/runner/CMakeLists.txt (created)
2026-09-17T08:36:39.4361644Z   windows/runner/main.cpp (created)
2026-09-17T08:36:39.4366703Z   windows/runner/flutter_window.cpp (created)
2026-09-17T08:36:39.4370606Z   windows/runner/resource.h (created)
2026-09-17T08:36:39.4374034Z   windows/runner/utils.h (created)
2026-09-17T08:36:39.4377778Z   windows/runner/win32_window.h (created)
2026-09-17T08:36:39.4381473Z   windows/runner/Runner.rc (created)
2026-09-17T08:36:39.4390690Z   windows/runner/resources/app_icon.ico (created)
2026-09-17T08:36:39.4395194Z   windows/runner/runner.exe.manifest (created)
2026-09-17T08:36:39.4399189Z   windows/runner/utils.cpp (created)
2026-09-17T08:36:39.4403157Z   windows/runner/win32_window.cpp (created)
2026-09-17T08:36:39.4406805Z   linux/.gitignore (created)
2026-09-17T08:36:39.4411320Z   linux/flutter/CMakeLists.txt (created)
2026-09-17T08:36:39.4415152Z   linux/CMakeLists.txt (created)
2026-09-17T08:36:39.4425053Z   linux/runner/my_application.cc (created)
2026-09-17T08:36:39.4443631Z   linux/runner/CMakeLists.txt (created)
2026-09-17T08:36:39.4448379Z   linux/runner/main.cc (created)
2026-09-17T08:36:39.4452812Z   linux/runner/my_application.h (created)
2026-09-17T08:36:39.4457088Z   android/gradle/wrapper/gradle-wrapper.properties (created)
2026-09-17T08:36:39.4464454Z   android/app/src/debug/AndroidManifest.xml (created)
2026-09-17T08:36:39.4470310Z   android/app/src/profile/AndroidManifest.xml (created)
2026-09-17T08:36:39.4475476Z   android/app/src/main/AndroidManifest.xml (created)
2026-09-17T08:36:39.4483278Z   android/app/src/main/res/values/styles.xml (created)
2026-09-17T08:36:39.4487762Z   android/app/src/main/res/mipmap-xhdpi/ic_launcher.png (created)
2026-09-17T08:36:39.4492450Z   android/app/src/main/res/drawable/launch_background.xml (created)
2026-09-17T08:36:39.4496323Z   android/app/src/main/res/mipmap-mdpi/ic_launcher.png (created)
2026-09-17T08:36:39.4500583Z   android/app/src/main/res/mipmap-xxxhdpi/ic_launcher.png (created)
2026-09-17T08:36:39.4504478Z   android/app/src/main/res/mipmap-xxhdpi/ic_launcher.png (created)
2026-09-17T08:36:39.4509651Z   android/app/src/main/res/mipmap-hdpi/ic_launcher.png (created)
2026-09-17T08:36:39.4515080Z   android/app/src/main/res/drawable-v21/launch_background.xml (created)
2026-09-17T08:36:39.4519833Z   android/app/src/main/res/values-night/styles.xml (created)
2026-09-17T08:36:39.4524041Z   android/settings.gradle.kts (created)
2026-09-17T08:36:39.4529955Z   android/.gitignore (created)
2026-09-17T08:36:39.4533731Z   android/gradle.properties (created)
2026-09-17T08:36:39.4538113Z   android/app/build.gradle.kts (created)
2026-09-17T08:36:39.4544980Z   android/app/src/main/kotlin/com/taozhu/taozhu_app/MainActivity.kt (created)
2026-09-17T08:36:39.4558456Z   android/taozhu_app_android.iml (created)
2026-09-17T08:36:39.4559399Z   android/build.gradle.kts (created)
2026-09-17T08:36:39.4563450Z   web/index.html (created)
2026-09-17T08:36:39.4570672Z   web/favicon.png (created)
2026-09-17T08:36:39.4574683Z   web/manifest.json (created)
2026-09-17T08:36:39.4580729Z   web/icons/Icon-maskable-512.png (created)
2026-09-17T08:36:39.4585085Z   web/icons/Icon-192.png (created)
2026-09-17T08:36:39.4589017Z   web/icons/Icon-512.png (created)
2026-09-17T08:36:39.4592230Z   web/icons/Icon-maskable-192.png (created)
2026-09-17T08:36:39.4599049Z   .idea/libraries/KotlinJavaRuntime.xml (created)
2026-09-17T08:36:39.4604674Z   .idea/libraries/Dart_SDK.xml (created)
2026-09-17T08:36:39.4610861Z   .idea/runConfigurations/main_dart.xml (created)
2026-09-17T08:36:39.4615352Z   .idea/modules.xml (created)
2026-09-17T08:36:39.4620434Z   .idea/workspace.xml (created)
2026-09-17T08:36:39.4625763Z   ios/RunnerTests/RunnerTests.swift (created)
2026-09-17T08:36:39.4632378Z   ios/Runner.xcworkspace/contents.xcworkspacedata (created)
2026-09-17T08:36:39.4636881Z   ios/Runner.xcworkspace/xcshareddata/WorkspaceSettings.xcsettings (created)
2026-09-17T08:36:39.4641554Z   ios/Runner.xcworkspace/xcshareddata/IDEWorkspaceChecks.plist (created)
2026-09-17T08:36:39.4645159Z   ios/.gitignore (created)
2026-09-17T08:36:39.4649267Z   ios/Runner/Base.lproj/Main.storyboard (created)
2026-09-17T08:36:39.4653650Z   ios/Runner/Base.lproj/LaunchScreen.storyboard (created)
2026-09-17T08:36:39.4657276Z   ios/Runner/Assets.xcassets/AppIcon.appiconset/Contents.json (created)
2026-09-17T08:36:39.4662073Z   ios/Runner/Assets.xcassets/AppIcon.appiconset/Icon-App-40x40@3x.png (created)
2026-09-17T08:36:39.4666407Z   ios/Runner/Assets.xcassets/AppIcon.appiconset/Icon-App-1024x1024@1x.png (created)
2026-09-17T08:36:39.4670666Z   ios/Runner/Assets.xcassets/AppIcon.appiconset/Icon-App-20x20@3x.png (created)
2026-09-17T08:36:39.4674229Z   ios/Runner/Assets.xcassets/AppIcon.appiconset/Icon-App-40x40@1x.png (created)
2026-09-17T08:36:39.4678275Z   ios/Runner/Assets.xcassets/AppIcon.appiconset/Icon-App-76x76@1x.png (created)
2026-09-17T08:36:39.4682335Z   ios/Runner/Assets.xcassets/AppIcon.appiconset/Icon-App-29x29@1x.png (created)
2026-09-17T08:36:39.4686161Z   ios/Runner/Assets.xcassets/AppIcon.appiconset/Icon-App-29x29@2x.png (created)
2026-09-17T08:36:39.4691434Z   ios/Runner/Assets.xcassets/AppIcon.appiconset/Icon-App-20x20@1x.png (created)
2026-09-17T08:36:39.4694482Z   ios/Runner/Assets.xcassets/AppIcon.appiconset/Icon-App-29x29@3x.png (created)
2026-09-17T08:36:39.4699718Z   ios/Runner/Assets.xcassets/AppIcon.appiconset/Icon-App-40x40@2x.png (created)
2026-09-17T08:36:39.4702650Z   ios/Runner/Assets.xcassets/AppIcon.appiconset/Icon-App-60x60@3x.png (created)
2026-09-17T08:36:39.4706218Z   ios/Runner/Assets.xcassets/AppIcon.appiconset/Icon-App-60x60@2x.png (created)
2026-09-17T08:36:39.4710359Z   ios/Runner/Assets.xcassets/AppIcon.appiconset/Icon-App-76x76@2x.png (created)
2026-09-17T08:36:39.4714345Z   ios/Runner/Assets.xcassets/AppIcon.appiconset/Icon-App-20x20@2x.png (created)
2026-09-17T08:36:39.4718936Z   ios/Runner/Assets.xcassets/AppIcon.appiconset/Icon-App-83.5x83.5@2x.png (created)
2026-09-17T08:36:39.4722632Z   ios/Runner/Assets.xcassets/LaunchImage.imageset/Contents.json (created)
2026-09-17T08:36:39.4726986Z   ios/Runner/Assets.xcassets/LaunchImage.imageset/LaunchImage@2x.png (created)
2026-09-17T08:36:39.4731297Z   ios/Runner/Assets.xcassets/LaunchImage.imageset/LaunchImage@3x.png (created)
2026-09-17T08:36:39.4735300Z   ios/Runner/Assets.xcassets/LaunchImage.imageset/README.md (created)
2026-09-17T08:36:39.4739289Z   ios/Runner/Assets.xcassets/LaunchImage.imageset/LaunchImage.png (created)
2026-09-17T08:36:39.4743267Z   ios/Runner/AppDelegate.swift (created)
2026-09-17T08:36:39.4746931Z   ios/Runner/Info.plist (created)
2026-09-17T08:36:39.4753436Z   ios/Runner/Runner-Bridging-Header.h (created)
2026-09-17T08:36:39.4757048Z   ios/Runner/SceneDelegate.swift (created)
2026-09-17T08:36:39.4761090Z   ios/Runner.xcodeproj/project.pbxproj (created)
2026-09-17T08:36:39.4783745Z   ios/Runner.xcodeproj/project.xcworkspace/contents.xcworkspacedata (created)
2026-09-17T08:36:39.4788008Z   ios/Runner.xcodeproj/project.xcworkspace/xcshareddata/WorkspaceSettings.xcsettings (created)
2026-09-17T08:36:39.4792338Z   ios/Runner.xcodeproj/project.xcworkspace/xcshareddata/IDEWorkspaceChecks.plist (created)
2026-09-17T08:36:39.4795795Z   ios/Runner.xcodeproj/xcshareddata/xcschemes/Runner.xcscheme (created)
2026-09-17T08:36:39.4806088Z   ios/Flutter/AppFrameworkInfo.plist (created)
2026-09-17T08:36:39.4810342Z   ios/Flutter/Release.xcconfig (created)
2026-09-17T08:36:39.4814198Z   ios/Flutter/Debug.xcconfig (created)
2026-09-17T08:36:39.4818242Z   .gitignore (created)
2026-09-17T08:36:39.4822405Z   test/widget_test.dart (created)
2026-09-17T08:36:39.5885636Z Resolving dependencies...
2026-09-17T08:36:40.0621255Z Downloading packages...
2026-09-17T08:36:40.0671201Z Got dependencies.
2026-09-17T08:36:40.3910655Z Wrote 129 files.
2026-09-17T08:36:40.3911043Z 
2026-09-17T08:36:40.3911267Z All done!
2026-09-17T08:36:40.3920700Z You can find general documentation for Flutter at: https://docs.flutter.dev/
2026-09-17T08:36:40.3921685Z Detailed API documentation is available at: https://api.flutter.dev/
2026-09-17T08:36:40.3922672Z If you prefer video documentation, consider: https://www.youtube.com/c/flutterdev
2026-09-17T08:36:40.3923289Z 
2026-09-17T08:36:40.3923495Z In order to run your application, type:
2026-09-17T08:36:40.3923844Z 
2026-09-17T08:36:40.3923998Z   $ flutter run
2026-09-17T08:36:40.3924212Z 
2026-09-17T08:36:40.3924410Z Your application code is in ./lib/main.dart.
2026-09-17T08:36:40.3924652Z 
2026-09-17T08:37:29.4760333Z Building Linux application...                                   
2026-09-17T08:37:29.4788273Z ✓ Built build/linux/x64/release/bundle/taozhu_app
2026-09-17T08:37:29.4903695Z ##[group]Run VERSION=$(grep -oP "APP_VERSION = '\K[^']+" frontend-flutter/lib/version.dart || exit 1)
2026-09-17T08:37:29.4904547Z [36;1mVERSION=$(grep -oP "APP_VERSION = '\K[^']+" frontend-flutter/lib/version.dart || exit 1)[0m
2026-09-17T08:37:29.4905313Z [36;1mcd frontend-flutter/build/linux/x64/release/bundle && zip -qr "/tmp/taozhu-linux-${VERSION}.zip" . && cd -[0m
2026-09-17T08:37:29.4905896Z [36;1m# 更新说明：上个版本 tag 以来的提交摘要[0m
2026-09-17T08:37:29.4906197Z [36;1mgit fetch --tags --quiet || true[0m
2026-09-17T08:37:29.4906671Z [36;1mPREV_TAG=$(git tag --sort=-version:refname | grep -v "^taozhu-v${VERSION}$" | head -1)[0m
2026-09-17T08:37:29.4907766Z [36;1mif [ -n "$PREV_TAG" ]; then LOG=$(git log --format='- %s' --no-merges "$PREV_TAG..HEAD"); else LOG=$(git log --format='- %s' --no-merges -8); fi[0m
2026-09-17T08:37:29.4908446Z [36;1mif [ -z "$LOG" ]; then LOG="- 同步版本 ${VERSION}"; fi[0m
2026-09-17T08:37:29.4909153Z [36;1mNOTES=$(printf '陶朱 v%s 更新内容：\n%s\n\n本版本全部产物：Android APK / Web / Windows / Linux / macOS / iOS / 微信小程序。' "$VERSION" "$LOG")[0m
2026-09-17T08:37:29.4909729Z [36;1mREL="taozhu-v${VERSION}"[0m
2026-09-17T08:37:29.4910050Z [36;1m# 等待 release 创建（apk job 或并发先到者创建，最多 5 分钟）[0m
2026-09-17T08:37:29.4910629Z [36;1mfor _i in $(seq 1 60); do gh release view "$REL" --repo "$GITHUB_REPOSITORY" >/dev/null 2>&1 && break; sleep 5; done[0m
2026-09-17T08:37:29.4911299Z [36;1mif ! gh release view "$REL" --repo "$GITHUB_REPOSITORY" >/dev/null 2>&1; then[0m
2026-09-17T08:37:29.4911940Z [36;1m  gh release create "$REL" --repo "$GITHUB_REPOSITORY" --title "陶朱 v${VERSION}" --notes "$NOTES" \[0m
2026-09-17T08:37:29.4912503Z [36;1m    --published-at "$(git log -1 --format=%cI)" || true[0m
2026-09-17T08:37:29.4912861Z [36;1mfi[0m
2026-09-17T08:37:29.4913076Z [36;1mfor _c in 1 2 3 4 5; do[0m
2026-09-17T08:37:29.4913588Z [36;1m  gh release upload "$REL" "/tmp/taozhu-linux-${VERSION}.zip" --repo "$GITHUB_REPOSITORY" --clobber && break[0m
2026-09-17T08:37:29.4914195Z [36;1m  echo "upload 重试 $_c/5 (taozhu-linux-${VERSION}.zip)"[0m
2026-09-17T08:37:29.4914541Z [36;1m  sleep 5[0m
2026-09-17T08:37:29.4914755Z [36;1mdone[0m
2026-09-17T08:37:29.4915084Z [36;1m# 完整性校验：产物必须上传成功，缺失 → 删除整个 release 并失败（不留不全的 release，请递增版本号重建）[0m
2026-09-17T08:37:29.4916014Z [36;1mif ! gh release view "$REL" --repo "$GITHUB_REPOSITORY" --json assets -q '.assets[].name' 2>/dev/null | grep -qx "taozhu-linux-${VERSION}.zip"; then[0m
2026-09-17T08:37:29.4916773Z [36;1m  echo "::error::release $REL 资产不完整，按发版规则删除整个 release，请递增版本号重新构建"[0m
2026-09-17T08:37:29.4917269Z [36;1m  gh release delete "$REL" --repo "$GITHUB_REPOSITORY" --yes || true[0m
2026-09-17T08:37:29.4917991Z [36;1m  exit 1[0m
2026-09-17T08:37:29.4918204Z [36;1mfi[0m
2026-09-17T08:37:29.4918462Z [36;1mecho "uploaded taozhu-linux-${VERSION}.zip"[0m
2026-09-17T08:37:29.4954863Z shell: /usr/bin/bash -e {0}
2026-09-17T08:37:29.4955129Z env:
2026-09-17T08:37:29.4955468Z   FLUTTER_ROOT: /opt/hostedtoolcache/flutter/stable-3.47.4-x64/flutter
2026-09-17T08:37:29.4955889Z   PUB_CACHE: /home/runner/.pub-cache
2026-09-17T08:37:29.4959001Z   GH_TOKEN: ***
2026-09-17T08:37:29.4959235Z ##[endgroup]
2026-09-17T08:37:30.9187067Z /home/runner/work/taozhu/taozhu
2026-09-17T08:42:47.4473190Z unknown flag: --published-at
2026-09-17T08:42:47.4473483Z 
2026-09-17T08:42:47.4473705Z Usage:  gh release create [<tag>] [<filename>... | <pattern>...]
2026-09-17T08:42:47.4473995Z 
2026-09-17T08:42:47.4474074Z Flags:
2026-09-17T08:42:47.4474445Z       --discussion-category string   Start a discussion in the specified category
2026-09-17T08:42:47.4474992Z   -d, --draft                        Save the release as a draft instead of publishing it
2026-09-17T08:42:47.4475631Z       --fail-on-no-commits           Fail if there are no commits since the last release (no impact on the first release)
2026-09-17T08:42:47.4476397Z       --generate-notes               Automatically generate title and notes for the release via GitHub Release Notes API
2026-09-17T08:42:47.4478129Z       --latest                       Mark this release as "Latest" (default [automatic based on date and version]). --latest=false to explicitly NOT set as latest
2026-09-17T08:42:47.4479289Z   -n, --notes string                 Release notes
2026-09-17T08:42:47.4480109Z   -F, --notes-file file              Read release notes from file (use "-" to read from standard input)
2026-09-17T08:42:47.4481216Z       --notes-from-tag               Fetch notes from the tag annotation or message of commit associated with tag
2026-09-17T08:42:47.4482297Z       --notes-start-tag string       Tag to use as the starting point for generating release notes
2026-09-17T08:42:47.4483162Z   -p, --prerelease                   Mark the release as a prerelease
2026-09-17T08:42:47.4483965Z       --target branch                Target branch or full commit SHA (default [main branch])
2026-09-17T08:42:47.4484702Z   -t, --title string                 Release title
2026-09-17T08:42:47.4485508Z       --verify-tag                   Abort in case the git tag doesn't already exist in the remote repository
2026-09-17T08:42:47.4486246Z   
2026-09-17T08:42:47.6850003Z release not found
2026-09-17T08:42:47.6875484Z upload 重试 1/5 (taozhu-linux-0.17.122.zip)
2026-09-17T08:42:52.8965948Z release not found
2026-09-17T08:42:52.8988041Z upload 重试 2/5 (taozhu-linux-0.17.122.zip)
2026-09-17T08:42:58.1422134Z release not found
2026-09-17T08:42:58.1445240Z upload 重试 3/5 (taozhu-linux-0.17.122.zip)
2026-09-17T08:43:03.3890717Z release not found
2026-09-17T08:43:03.3914664Z upload 重试 4/5 (taozhu-linux-0.17.122.zip)
2026-09-17T08:43:08.6268642Z release not found
2026-09-17T08:43:08.6283436Z upload 重试 5/5 (taozhu-linux-0.17.122.zip)
2026-09-17T08:43:13.8534341Z ##[error]release taozhu-v0.17.122 资产不完整，按发版规则删除整个 release，请递增版本号重新构建
2026-09-17T08:43:14.0941080Z release not found
2026-09-17T08:43:14.0985146Z ##[error]Process completed with exit code 1.
2026-09-17T08:43:14.1027260Z ##[group]Run VERSION=$(grep -oP "APP_VERSION = '\K[^']+" frontend-flutter/lib/version.dart || true)
2026-09-17T08:43:14.1028387Z [36;1mVERSION=$(grep -oP "APP_VERSION = '\K[^']+" frontend-flutter/lib/version.dart || true)[0m
2026-09-17T08:43:14.1029106Z [36;1m[ -n "$VERSION" ] && gh release delete "taozhu-v${VERSION}" --repo "$GITHUB_REPOSITORY" --yes || true[0m
2026-09-17T08:43:14.1066669Z shell: /usr/bin/bash -e {0}
2026-09-17T08:43:14.1066955Z env:
2026-09-17T08:43:14.1067278Z   FLUTTER_ROOT: /opt/hostedtoolcache/flutter/stable-3.47.4-x64/flutter
2026-09-17T08:43:14.1067891Z   PUB_CACHE: /home/runner/.pub-cache
2026-09-17T08:43:14.1070811Z   GH_TOKEN: ***
2026-09-17T08:43:14.1071054Z ##[endgroup]
2026-09-17T08:43:14.3312003Z release not found
2026-09-17T08:43:14.3512733Z ##[warning]Unexpected input(s) 'version', valid inputs are ['channel', 'flutter-version', 'flutter-version-file', 'architecture', 'cache', 'cache-key', 'cache-path', 'pub-cache', 'pub-cache-key', 'pub-cache-path', 'dry-run', 'git-source']
2026-09-17T08:43:14.3518518Z Post job cleanup.
2026-09-17T08:43:14.3522748Z ##[start-action display=Cache pub dependencies;id=__1b8594e8-ed3a-4cb4-9b52-a56ab972cb9f.cache-pub]
2026-09-17T08:43:14.3525203Z ##[end-action id=__1b8594e8-ed3a-4cb4-9b52-a56ab972cb9f.cache-pub;outcome=skipped;conclusion=skipped;duration_ms=0]
2026-09-17T08:43:14.3527253Z ##[start-action display=Cache Flutter;id=__1b8594e8-ed3a-4cb4-9b52-a56ab972cb9f.cache-flutter]
2026-09-17T08:43:14.3529641Z ##[end-action id=__1b8594e8-ed3a-4cb4-9b52-a56ab972cb9f.cache-flutter;outcome=skipped;conclusion=skipped;duration_ms=0]
2026-09-17T08:43:14.3598085Z Node 20 is being deprecated. This workflow is running with Node 24 by default. If you need to temporarily use Node 20, you can set the ACTIONS_ALLOW_USE_UNSECURE_NODE_VERSION=true environment variable. For more information see: https://github.blog/changelog/2025-09-19-deprecation-of-node-20-on-github-actions-runners/
2026-09-17T08:43:14.3599418Z Post job cleanup.
2026-09-17T08:43:14.4530861Z [command]/usr/bin/git version
2026-09-17T08:43:14.4585201Z git version 2.55.0
2026-09-17T08:43:14.4631362Z Temporarily overriding HOME='/home/runner/work/_temp/c276c864-0e58-42fd-a97a-6b17c4c0c655' before making global git config changes
2026-09-17T08:43:14.4632888Z Adding repository directory to the temporary git global config as a safe directory
2026-09-17T08:43:14.4636994Z [command]/usr/bin/git config --global --add safe.directory /home/runner/work/taozhu/taozhu
2026-09-17T08:43:14.4684954Z [command]/usr/bin/git config --local --name-only --get-regexp core\.sshCommand
2026-09-17T08:43:14.4725871Z [command]/usr/bin/git submodule foreach --recursive sh -c "git config --local --name-only --get-regexp 'core\.sshCommand' && git config --local --unset-all 'core.sshCommand' || :"
2026-09-17T08:43:14.5030041Z [command]/usr/bin/git config --local --name-only --get-regexp http\.https\:\/\/github\.com\/\.extraheader
2026-09-17T08:43:14.5062116Z http.https://github.com/.extraheader
2026-09-17T08:43:14.5078867Z [command]/usr/bin/git config --local --unset-all http.https://github.com/.extraheader
2026-09-17T08:43:14.5129370Z [command]/usr/bin/git submodule foreach --recursive sh -c "git config --local --name-only --get-regexp 'http\.https\:\/\/github\.com\/\.extraheader' && git config --local --unset-all 'http.https://github.com/.extraheader' || :"
2026-09-17T08:43:14.5428990Z [command]/usr/bin/git config --local --name-only --get-regexp ^includeIf\.gitdir:
2026-09-17T08:43:14.5499759Z [command]/usr/bin/git submodule foreach --recursive git config --local --show-origin --name-only --get-regexp remote.origin.url
2026-09-17T08:43:14.5932482Z Cleaning up orphan processes
2026-09-17T08:43:14.6245830Z ##[warning]Node.js 20 is deprecated. The following actions target Node.js 20 but are being forced to run on Node.js 24: actions/cache@v4, actions/checkout@v4. For more information see: https://github.blog/changelog/2025-09-19-deprecation-of-node-20-on-github-actions-runners/
